fr,zfr,rank,condition,region,subject,sessid,unitId
13.1111111111111,1.11320754716981,1,primed,AM,30,1,1
11.7777777777778,1,1,control,AM,30,1,1
12.2222222222222,1.0377358490566,2,primed,AM,30,1,1
10.2222222222222,0.867924528301887,2,control,AM,30,1,1
9.77777777777778,0.830188679245283,3,primed,AM,30,1,1
9.77777777777778,0.830188679245283,3,control,AM,30,1,1
8.44444444444444,0.716981132075472,4,primed,AM,30,1,1
8.44444444444444,0.716981132075472,4,control,AM,30,1,1
8.66666666666667,1.14705882352941,1,primed,AM,30,1,4
7.55555555555556,1,1,control,AM,30,1,4
8.66666666666667,1.14705882352941,2,primed,AM,30,1,4
7.33333333333333,0.970588235294118,2,control,AM,30,1,4
7.33333333333333,0.970588235294118,3,primed,AM,30,1,4
8.22222222222222,1.08823529411765,3,control,AM,30,1,4
7.33333333333333,0.970588235294118,4,primed,AM,30,1,4
8.22222222222222,1.08823529411765,4,control,AM,30,1,4
27.1111111111111,1.15094339622642,1,primed,AM,30,1,5
23.5555555555556,1,1,control,AM,30,1,5
19.3333333333333,0.820754716981132,2,primed,AM,30,1,5
29.3333333333333,1.24528301886792,2,control,AM,30,1,5
22.6666666666667,0.962264150943396,3,primed,AM,30,1,5
25.7777777777778,1.09433962264151,3,control,AM,30,1,5
24.2222222222222,1.02830188679245,4,primed,AM,30,1,5
23.7777777777778,1.00943396226415,4,control,AM,30,1,5
6.22222222222222,0.756756756756757,1,primed,AM,30,1,6
8.22222222222222,1,1,control,AM,30,1,6
2.44444444444444,0.297297297297297,2,primed,AM,30,1,6
8,0.972972972972973,2,control,AM,30,1,6
4.66666666666667,0.567567567567568,3,primed,AM,30,1,6
4.66666666666667,0.567567567567568,3,control,AM,30,1,6
3.77777777777778,0.459459459459459,4,primed,AM,30,1,6
5.55555555555556,0.675675675675676,4,control,AM,30,1,6
4.22222222222222,0.95,1,primed,AM,30,3,14
4.44444444444444,1,1,control,AM,30,3,14
3.33333333333333,0.75,2,primed,AM,30,3,14
4.44444444444444,1,2,control,AM,30,3,14
2.88888888888889,0.65,3,primed,AM,30,3,14
3.77777777777778,0.85,3,control,AM,30,3,14
4.66666666666667,1.05,4,primed,AM,30,3,14
1.77777777777778,0.4,4,control,AM,30,3,14
8,0.73469387755102,1,primed,AM,32,7,16
10.8888888888889,1,1,control,AM,32,7,16
7.77777777777778,0.714285714285714,2,primed,AM,32,7,16
8.88888888888889,0.816326530612245,2,control,AM,32,7,16
8.22222222222222,0.755102040816326,3,primed,AM,32,7,16
8.22222222222222,0.755102040816326,3,control,AM,32,7,16
6.66666666666667,0.612244897959184,4,primed,AM,32,7,16
8.66666666666667,0.795918367346939,4,control,AM,32,7,16
15.5555555555556,1.07692307692308,1,primed,AM,32,7,17
14.4444444444444,1,1,control,AM,32,7,17
12.2222222222222,0.846153846153846,2,primed,AM,32,7,17
13.5555555555556,0.938461538461538,2,control,AM,32,7,17
13.7777777777778,0.953846153846154,3,primed,AM,32,7,17
8.66666666666667,0.6,3,control,AM,32,7,17
14.4444444444444,1,4,primed,AM,32,7,17
8,0.553846153846154,4,control,AM,32,7,17
14.2222222222222,1.42222222222222,1,primed,AM,32,7,18
10,1,1,control,AM,32,7,18
11.3333333333333,1.13333333333333,2,primed,AM,32,7,18
11.7777777777778,1.17777777777778,2,control,AM,32,7,18
13.1111111111111,1.31111111111111,3,primed,AM,32,7,18
6.66666666666667,0.666666666666667,3,control,AM,32,7,18
9.77777777777778,0.977777777777778,4,primed,AM,32,7,18
10,1,4,control,AM,32,7,18
6.44444444444444,1.03571428571429,1,primed,AM,32,8,19
6.22222222222222,1,1,control,AM,32,8,19
5.11111111111111,0.821428571428571,2,primed,AM,32,8,19
5.11111111111111,0.821428571428571,2,control,AM,32,8,19
4.88888888888889,0.785714285714286,3,primed,AM,32,8,19
4.44444444444444,0.714285714285714,3,control,AM,32,8,19
3.33333333333333,0.535714285714286,4,primed,AM,32,8,19
5.77777777777778,0.928571428571428,4,control,AM,32,8,19
10.4444444444444,0.903846153846154,1,primed,AM,32,8,20
11.5555555555556,1,1,control,AM,32,8,20
9.55555555555556,0.826923076923077,2,primed,AM,32,8,20
10.8888888888889,0.942307692307692,2,control,AM,32,8,20
10,0.865384615384615,3,primed,AM,32,8,20
10.4444444444444,0.903846153846154,3,control,AM,32,8,20
9.77777777777778,0.846153846153846,4,primed,AM,32,8,20
10.4444444444444,0.903846153846154,4,control,AM,32,8,20
8.44444444444444,1.1875,1,primed,AM,32,9,22
7.11111111111111,1,1,control,AM,32,9,22
5.77777777777778,0.8125,2,primed,AM,32,9,22
9.55555555555556,1.34375,2,control,AM,32,9,22
7.11111111111111,1,3,primed,AM,32,9,22
7.77777777777778,1.09375,3,control,AM,32,9,22
7.11111111111111,1,4,primed,AM,32,9,22
7.77777777777778,1.09375,4,control,AM,32,9,22
20,0.967741935483871,1,primed,AM,32,11,23
20.6666666666667,1,1,control,AM,32,11,23
18.4444444444444,0.89247311827957,2,primed,AM,32,11,23
22,1.06451612903226,2,control,AM,32,11,23
19.1111111111111,0.924731182795699,3,primed,AM,32,11,23
19.5555555555556,0.946236559139785,3,control,AM,32,11,23
22.4444444444444,1.08602150537634,4,primed,AM,32,11,23
16,0.774193548387097,4,control,AM,32,11,23
16.4444444444444,1.08823529411765,1,primed,AM,32,12,24
15.1111111111111,1,1,control,AM,32,12,24
15.1111111111111,1,2,primed,AM,32,12,24
14.8888888888889,0.985294117647059,2,control,AM,32,12,24
14.8888888888889,0.985294117647059,3,primed,AM,32,12,24
14,0.926470588235294,3,control,AM,32,12,24
14.6666666666667,0.970588235294118,4,primed,AM,32,12,24
14.2222222222222,0.941176470588235,4,control,AM,32,12,24
12.4444444444444,1.01818181818182,1,primed,AM,34,15,31
12.2222222222222,1,1,control,AM,34,15,31
10.4444444444444,0.854545454545455,2,primed,AM,34,15,31
12.6666666666667,1.03636363636364,2,control,AM,34,15,31
7.55555555555556,0.618181818181818,3,primed,AM,34,15,31
10.8888888888889,0.890909090909091,3,control,AM,34,15,31
7.55555555555556,0.618181818181818,4,primed,AM,34,15,31
10.8888888888889,0.890909090909091,4,control,AM,34,15,31
7.77777777777778,1.45833333333333,1,primed,AM,34,17,33
5.33333333333333,1,1,control,AM,34,17,33
6.88888888888889,1.29166666666667,2,primed,AM,34,17,33
5.33333333333333,1,2,control,AM,34,17,33
5.77777777777778,1.08333333333333,3,primed,AM,34,17,33
6.22222222222222,1.16666666666667,3,control,AM,34,17,33
4.66666666666667,0.875,4,primed,AM,34,17,33
6.88888888888889,1.29166666666667,4,control,AM,34,17,33
8.66666666666667,0.951219512195122,1,primed,AM,34,19,34
9.11111111111111,1,1,control,AM,34,19,34
8.22222222222222,0.902439024390244,2,primed,AM,34,19,34
8.88888888888889,0.975609756097561,2,control,AM,34,19,34
6.22222222222222,0.682926829268293,3,primed,AM,34,19,34
10.8888888888889,1.19512195121951,3,control,AM,34,19,34
7.33333333333333,0.804878048780488,4,primed,AM,34,19,34
9.11111111111111,1,4,control,AM,34,19,34
7.33333333333333,1.5,1,primed,AM,35,21,41
4.88888888888889,1,1,control,AM,35,21,41
3.55555555555556,0.727272727272727,2,primed,AM,35,21,41
8.22222222222222,1.68181818181818,2,control,AM,35,21,41
5.55555555555556,1.13636363636364,3,primed,AM,35,21,41
6,1.22727272727273,3,control,AM,35,21,41
5.77777777777778,1.18181818181818,4,primed,AM,35,21,41
5.77777777777778,1.18181818181818,4,control,AM,35,21,41
10.8888888888889,0.830508474576271,1,primed,AM,35,21,42
13.1111111111111,1,1,control,AM,35,21,42
10.4444444444444,0.796610169491525,2,primed,AM,35,21,42
8.88888888888889,0.677966101694915,2,control,AM,35,21,42
8,0.610169491525424,3,primed,AM,35,21,42
11.3333333333333,0.864406779661017,3,control,AM,35,21,42
10.8888888888889,0.830508474576271,4,primed,AM,35,21,42
8.22222222222222,0.627118644067797,4,control,AM,35,21,42
19.5555555555556,1.15789473684211,1,primed,AM,37,22,47
16.8888888888889,1,1,control,AM,37,22,47
15.3333333333333,0.907894736842105,2,primed,AM,37,22,47
13.5555555555556,0.802631578947368,2,control,AM,37,22,47
17.3333333333333,1.02631578947368,3,primed,AM,37,22,47
11.1111111111111,0.657894736842105,3,control,AM,37,22,47
15.5555555555556,0.921052631578947,4,primed,AM,37,22,47
11.1111111111111,0.657894736842105,4,control,AM,37,22,47
4.66666666666667,0.875,1,primed,AM,37,22,48
5.33333333333333,1,1,control,AM,37,22,48
4.44444444444444,0.833333333333333,2,primed,AM,37,22,48
4.66666666666667,0.875,2,control,AM,37,22,48
3.33333333333333,0.625,3,primed,AM,37,22,48
4.44444444444444,0.833333333333333,3,control,AM,37,22,48
2.44444444444444,0.458333333333333,4,primed,AM,37,22,48
3.55555555555556,0.666666666666667,4,control,AM,37,22,48
24.4444444444444,1.11111111111111,1,primed,AM,37,22,49
22,1,1,control,AM,37,22,49
20.2222222222222,0.919191919191919,2,primed,AM,37,22,49
14.6666666666667,0.666666666666667,2,control,AM,37,22,49
17.7777777777778,0.808080808080808,3,primed,AM,37,22,49
14.8888888888889,0.676767676767677,3,control,AM,37,22,49
18.2222222222222,0.828282828282828,4,primed,AM,37,22,49
14.4444444444444,0.656565656565656,4,control,AM,37,22,49
16.4444444444444,0.770833333333333,1,primed,AM,37,22,50
21.3333333333333,1,1,control,AM,37,22,50
18.2222222222222,0.854166666666667,2,primed,AM,37,22,50
17.7777777777778,0.833333333333333,2,control,AM,37,22,50
17.7777777777778,0.833333333333333,3,primed,AM,37,22,50
16.2222222222222,0.760416666666667,3,control,AM,37,22,50
13.1111111111111,0.614583333333333,4,primed,AM,37,22,50
14.4444444444444,0.677083333333333,4,control,AM,37,22,50
14.4444444444444,1.66666666666667,1,primed,AM,37,23,51
8.66666666666667,1,1,control,AM,37,23,51
10.6666666666667,1.23076923076923,2,primed,AM,37,23,51
12.2222222222222,1.41025641025641,2,control,AM,37,23,51
8.22222222222222,0.948717948717948,3,primed,AM,37,23,51
12.2222222222222,1.41025641025641,3,control,AM,37,23,51
12.2222222222222,1.41025641025641,4,primed,AM,37,23,51
7.55555555555556,0.871794871794872,4,control,AM,37,23,51
9.11111111111111,1,1,primed,AM,42,31,54
9.11111111111111,1,1,control,AM,42,31,54
8.88888888888889,0.975609756097561,2,primed,AM,42,31,54
7.33333333333333,0.804878048780488,2,control,AM,42,31,54
7.55555555555556,0.829268292682927,3,primed,AM,42,31,54
7.77777777777778,0.853658536585366,3,control,AM,42,31,54
6.44444444444444,0.707317073170732,4,primed,AM,42,31,54
8.66666666666667,0.951219512195122,4,control,AM,42,31,54
9.11111111111111,1.05128205128205,1,primed,AM,42,31,55
8.66666666666667,1,1,control,AM,42,31,55
7.11111111111111,0.82051282051282,2,primed,AM,42,31,55
8.22222222222222,0.948717948717948,2,control,AM,42,31,55
8.66666666666667,1,3,primed,AM,42,31,55
6,0.692307692307692,3,control,AM,42,31,55
7.77777777777778,0.897435897435897,4,primed,AM,42,31,55
6.88888888888889,0.794871794871795,4,control,AM,42,31,55
8,1,1,primed,AM,43,34,59
8,1,1,control,AM,43,34,59
7.77777777777778,0.972222222222222,2,primed,AM,43,34,59
8,1,2,control,AM,43,34,59
8,1,3,primed,AM,43,34,59
6.88888888888889,0.861111111111111,3,control,AM,43,34,59
6.22222222222222,0.777777777777778,4,primed,AM,43,34,59
7.33333333333333,0.916666666666667,4,control,AM,43,34,59
12.6666666666667,0.826086956521739,1,primed,AM,44,36,62
15.3333333333333,1,1,control,AM,44,36,62
12,0.782608695652174,2,primed,AM,44,36,62
13.7777777777778,0.898550724637681,2,control,AM,44,36,62
13.5555555555556,0.884057971014493,3,primed,AM,44,36,62
11.3333333333333,0.739130434782609,3,control,AM,44,36,62
11.3333333333333,0.739130434782609,4,primed,AM,44,36,62
13.1111111111111,0.855072463768116,4,control,AM,44,36,62
10.2222222222222,0.807017543859649,1,primed,AM,44,36,63
12.6666666666667,1,1,control,AM,44,36,63
9.33333333333333,0.736842105263158,2,primed,AM,44,36,63
8.44444444444444,0.666666666666667,2,control,AM,44,36,63
9.11111111111111,0.719298245614035,3,primed,AM,44,36,63
8.66666666666667,0.68421052631579,3,control,AM,44,36,63
7.55555555555556,0.596491228070175,4,primed,AM,44,36,63
8.88888888888889,0.701754385964912,4,control,AM,44,36,63
7.77777777777778,0.875,1,primed,AM,44,36,64
8.88888888888889,1,1,control,AM,44,36,64
8,0.9,2,primed,AM,44,36,64
8,0.9,2,control,AM,44,36,64
8.66666666666667,0.975,3,primed,AM,44,36,64
6.88888888888889,0.775,3,control,AM,44,36,64
6.66666666666667,0.75,4,primed,AM,44,36,64
8.22222222222222,0.925,4,control,AM,44,36,64
9.55555555555556,0.530864197530864,1,primed,AM,44,36,65
18,1,1,control,AM,44,36,65
7.77777777777778,0.432098765432099,2,primed,AM,44,36,65
10.6666666666667,0.592592592592593,2,control,AM,44,36,65
6.44444444444444,0.358024691358025,3,primed,AM,44,36,65
8.44444444444444,0.469135802469136,3,control,AM,44,36,65
6.44444444444444,0.358024691358025,4,primed,AM,44,36,65
8,0.444444444444444,4,control,AM,44,36,65
13.1111111111111,0.756410256410256,1,primed,AM,44,36,66
17.3333333333333,1,1,control,AM,44,36,66
12.6666666666667,0.730769230769231,2,primed,AM,44,36,66
17.3333333333333,1,2,control,AM,44,36,66
9.77777777777778,0.564102564102564,3,primed,AM,44,36,66
13.5555555555556,0.782051282051282,3,control,AM,44,36,66
12,0.692307692307692,4,primed,AM,44,36,66
10.6666666666667,0.615384615384615,4,control,AM,44,36,66
17.3333333333333,0.906976744186047,1,primed,AM,44,36,67
19.1111111111111,1,1,control,AM,44,36,67
12.2222222222222,0.63953488372093,2,primed,AM,44,36,67
10.6666666666667,0.558139534883721,2,control,AM,44,36,67
10.4444444444444,0.546511627906977,3,primed,AM,44,36,67
12.2222222222222,0.63953488372093,3,control,AM,44,36,67
9.77777777777778,0.511627906976744,4,primed,AM,44,36,67
11.5555555555556,0.604651162790698,4,control,AM,44,36,67
8.22222222222222,1.05714285714286,1,primed,AM,44,36,68
7.77777777777778,1,1,control,AM,44,36,68
3.77777777777778,0.485714285714286,2,primed,AM,44,36,68
7.11111111111111,0.914285714285714,2,control,AM,44,36,68
2.88888888888889,0.371428571428571,3,primed,AM,44,36,68
4.88888888888889,0.628571428571429,3,control,AM,44,36,68
2.22222222222222,0.285714285714286,4,primed,AM,44,36,68
2.88888888888889,0.371428571428571,4,control,AM,44,36,68
11.7777777777778,0.868852459016394,1,primed,AM,44,37,70
13.5555555555556,1,1,control,AM,44,37,70
10.8888888888889,0.80327868852459,2,primed,AM,44,37,70
10.4444444444444,0.770491803278689,2,control,AM,44,37,70
6.88888888888889,0.508196721311475,3,primed,AM,44,37,70
14.4444444444444,1.0655737704918,3,control,AM,44,37,70
9.55555555555556,0.704918032786885,4,primed,AM,44,37,70
11.3333333333333,0.836065573770492,4,control,AM,44,37,70
9.55555555555556,0.781818181818182,1,primed,AM,44,37,71
12.2222222222222,1,1,control,AM,44,37,71
9.11111111111111,0.745454545454545,2,primed,AM,44,37,71
6.88888888888889,0.563636363636364,2,control,AM,44,37,71
8.44444444444444,0.690909090909091,3,primed,AM,44,37,71
7.11111111111111,0.581818181818182,3,control,AM,44,37,71
8.22222222222222,0.672727272727273,4,primed,AM,44,37,71
6.66666666666667,0.545454545454546,4,control,AM,44,37,71
11.3333333333333,0.739130434782609,1,primed,AM,44,39,73
15.3333333333333,1,1,control,AM,44,39,73
13.3333333333333,0.869565217391304,2,primed,AM,44,39,73
12.8888888888889,0.840579710144927,2,control,AM,44,39,73
11.7777777777778,0.768115942028985,3,primed,AM,44,39,73
14,0.91304347826087,3,control,AM,44,39,73
12.8888888888889,0.840579710144927,4,primed,AM,44,39,73
12.4444444444444,0.811594202898551,4,control,AM,44,39,73
8.88888888888889,1.11111111111111,1,primed,AM,45,40,75
8,1,1,control,AM,45,40,75
6.66666666666667,0.833333333333333,2,primed,AM,45,40,75
10,1.25,2,control,AM,45,40,75
8.66666666666667,1.08333333333333,3,primed,AM,45,40,75
7.33333333333333,0.916666666666667,3,control,AM,45,40,75
8.88888888888889,1.11111111111111,4,primed,AM,45,40,75
7.11111111111111,0.888888888888889,4,control,AM,45,40,75
9.77777777777778,1,1,primed,AM,48,44,80
9.77777777777778,1,1,control,AM,48,44,80
8.66666666666667,0.886363636363637,2,primed,AM,48,44,80
8.66666666666667,0.886363636363637,2,control,AM,48,44,80
8.22222222222222,0.840909090909091,3,primed,AM,48,44,80
9.11111111111111,0.931818181818182,3,control,AM,48,44,80
7.11111111111111,0.727272727272727,4,primed,AM,48,44,80
10.2222222222222,1.04545454545455,4,control,AM,48,44,80
7.11111111111111,0.914285714285714,1,primed,AM,49,46,94
7.77777777777778,1,1,control,AM,49,46,94
7.33333333333333,0.942857142857143,2,primed,AM,49,46,94
5.55555555555556,0.714285714285714,2,control,AM,49,46,94
7.77777777777778,1,3,primed,AM,49,46,94
5.11111111111111,0.657142857142857,3,control,AM,49,46,94
6.66666666666667,0.857142857142857,4,primed,AM,49,46,94
6,0.771428571428572,4,control,AM,49,46,94
7.11111111111111,1.68421052631579,1,primed,AM,49,46,95
4.22222222222222,1,1,control,AM,49,46,95
5.55555555555556,1.31578947368421,2,primed,AM,49,46,95
4.44444444444444,1.05263157894737,2,control,AM,49,46,95
5.11111111111111,1.21052631578947,3,primed,AM,49,46,95
4.22222222222222,1,3,control,AM,49,46,95
4,0.947368421052632,4,primed,AM,49,46,95
5.33333333333333,1.26315789473684,4,control,AM,49,46,95
8.44444444444444,0.844444444444444,1,primed,AM,49,46,96
10,1,1,control,AM,49,46,96
10.4444444444444,1.04444444444444,2,primed,AM,49,46,96
7.33333333333333,0.733333333333333,2,control,AM,49,46,96
8.22222222222222,0.822222222222222,3,primed,AM,49,46,96
8.66666666666667,0.866666666666667,3,control,AM,49,46,96
7.55555555555556,0.755555555555556,4,primed,AM,49,46,96
8.88888888888889,0.888888888888889,4,control,AM,49,46,96
18.6666666666667,0.823529411764706,1,primed,AM,49,46,97
22.6666666666667,1,1,control,AM,49,46,97
16.8888888888889,0.745098039215686,2,primed,AM,49,46,97
23.3333333333333,1.02941176470588,2,control,AM,49,46,97
18.6666666666667,0.823529411764706,3,primed,AM,49,46,97
20.4444444444444,0.901960784313726,3,control,AM,49,46,97
20.4444444444444,0.901960784313726,4,primed,AM,49,46,97
18.4444444444444,0.813725490196078,4,control,AM,49,46,97
10.4444444444444,1.14634146341463,1,primed,AM,49,46,98
9.11111111111111,1,1,control,AM,49,46,98
8.44444444444444,0.926829268292683,2,primed,AM,49,46,98
10.2222222222222,1.1219512195122,2,control,AM,49,46,98
9.55555555555556,1.04878048780488,3,primed,AM,49,46,98
7.77777777777778,0.853658536585366,3,control,AM,49,46,98
8,0.878048780487805,4,primed,AM,49,46,98
8.88888888888889,0.975609756097561,4,control,AM,49,46,98
6.22222222222222,1.16666666666667,1,primed,AM,49,46,99
5.33333333333333,1,1,control,AM,49,46,99
3.55555555555556,0.666666666666667,2,primed,AM,49,46,99
6.44444444444444,1.20833333333333,2,control,AM,49,46,99
4.44444444444444,0.833333333333333,3,primed,AM,49,46,99
5.11111111111111,0.958333333333333,3,control,AM,49,46,99
5.11111111111111,0.958333333333333,4,primed,AM,49,46,99
4,0.75,4,control,AM,49,46,99
13.7777777777778,0.898550724637681,1,primed,AM,49,46,100
15.3333333333333,1,1,control,AM,49,46,100
15.1111111111111,0.985507246376812,2,primed,AM,49,46,100
13.7777777777778,0.898550724637681,2,control,AM,49,46,100
15.7777777777778,1.02898550724638,3,primed,AM,49,46,100
11.7777777777778,0.768115942028985,3,control,AM,49,46,100
15.5555555555556,1.01449275362319,4,primed,AM,49,46,100
11.3333333333333,0.739130434782609,4,control,AM,49,46,100
3.55555555555556,0.888888888888889,1,primed,AM,49,46,101
4,1,1,control,AM,49,46,101
4.44444444444444,1.11111111111111,2,primed,AM,49,46,101
2,0.5,2,control,AM,49,46,101
3.11111111111111,0.777777777777778,3,primed,AM,49,46,101
2.66666666666667,0.666666666666667,3,control,AM,49,46,101
2.44444444444444,0.611111111111111,4,primed,AM,49,46,101
3.33333333333333,0.833333333333333,4,control,AM,49,46,101
16.6666666666667,0.806451612903226,1,primed,AM,49,46,102
20.6666666666667,1,1,control,AM,49,46,102
12.8888888888889,0.623655913978495,2,primed,AM,49,46,102
22.8888888888889,1.10752688172043,2,control,AM,49,46,102
15.5555555555556,0.752688172043011,3,primed,AM,49,46,102
17.5555555555556,0.849462365591398,3,control,AM,49,46,102
15.7777777777778,0.763440860215054,4,primed,AM,49,46,102
17.1111111111111,0.827956989247312,4,control,AM,49,46,102
7.33333333333333,1.32,1,primed,AM,49,46,103
5.55555555555556,1,1,control,AM,49,46,103
4,0.72,2,primed,AM,49,46,103
6.22222222222222,1.12,2,control,AM,49,46,103
6,1.08,3,primed,AM,49,46,103
4,0.72,3,control,AM,49,46,103
3.55555555555556,0.64,4,primed,AM,49,46,103
6.44444444444444,1.16,4,control,AM,49,46,103
7.77777777777778,1.02941176470588,1,primed,AM,49,46,107
7.55555555555556,1,1,control,AM,49,46,107
7.77777777777778,1.02941176470588,2,primed,AM,49,46,107
6.66666666666667,0.882352941176471,2,control,AM,49,46,107
6.88888888888889,0.911764705882353,3,primed,AM,49,46,107
7.11111111111111,0.941176470588235,3,control,AM,49,46,107
6.44444444444444,0.852941176470588,4,primed,AM,49,46,107
6.88888888888889,0.911764705882353,4,control,AM,49,46,107
23.3333333333333,1.12903225806452,1,primed,AM,49,47,113
20.6666666666667,1,1,control,AM,49,47,113
20.8888888888889,1.01075268817204,2,primed,AM,49,47,113
21.5555555555556,1.04301075268817,2,control,AM,49,47,113
22,1.06451612903226,3,primed,AM,49,47,113
19.1111111111111,0.924731182795699,3,control,AM,49,47,113
21.7777777777778,1.05376344086022,4,primed,AM,49,47,113
18.6666666666667,0.903225806451613,4,control,AM,49,47,113
18,1.24615384615385,1,primed,AM,49,47,114
14.4444444444444,1,1,control,AM,49,47,114
8.44444444444444,0.584615384615385,2,primed,AM,49,47,114
10.8888888888889,0.753846153846154,2,control,AM,49,47,114
9.77777777777778,0.676923076923077,3,primed,AM,49,47,114
9.55555555555556,0.661538461538462,3,control,AM,49,47,114
12.2222222222222,0.846153846153846,4,primed,AM,49,47,114
6.44444444444444,0.446153846153846,4,control,AM,49,47,114
6.44444444444444,1.03571428571429,1,primed,AM,49,47,115
6.22222222222222,1,1,control,AM,49,47,115
3.77777777777778,0.607142857142857,2,primed,AM,49,47,115
4.22222222222222,0.678571428571429,2,control,AM,49,47,115
3.55555555555556,0.571428571428572,3,primed,AM,49,47,115
4.22222222222222,0.678571428571429,3,control,AM,49,47,115
3.11111111111111,0.5,4,primed,AM,49,47,115
3.55555555555556,0.571428571428572,4,control,AM,49,47,115
13.5555555555556,1.24489795918367,1,primed,AM,50,48,124
10.8888888888889,1,1,control,AM,50,48,124
7.77777777777778,0.714285714285714,2,primed,AM,50,48,124
13.7777777777778,1.26530612244898,2,control,AM,50,48,124
12,1.10204081632653,3,primed,AM,50,48,124
8.22222222222222,0.755102040816326,3,control,AM,50,48,124
10,0.918367346938776,4,primed,AM,50,48,124
9.33333333333333,0.857142857142857,4,control,AM,50,48,124
10,1.28571428571429,1,primed,AM,50,48,125
7.77777777777778,1,1,control,AM,50,48,125
4.44444444444444,0.571428571428572,2,primed,AM,50,48,125
9.77777777777778,1.25714285714286,2,control,AM,50,48,125
6.66666666666667,0.857142857142857,3,primed,AM,50,48,125
7.55555555555556,0.971428571428572,3,control,AM,50,48,125
7.77777777777778,1,4,primed,AM,50,48,125
5.55555555555556,0.714285714285714,4,control,AM,50,48,125
9.33333333333333,1.07692307692308,1,primed,AM,50,48,126
8.66666666666667,1,1,control,AM,50,48,126
6,0.692307692307692,2,primed,AM,50,48,126
8.88888888888889,1.02564102564103,2,control,AM,50,48,126
2.88888888888889,0.333333333333333,3,primed,AM,50,48,126
9.77777777777778,1.12820512820513,3,control,AM,50,48,126
5.11111111111111,0.58974358974359,4,primed,AM,50,48,126
6.88888888888889,0.794871794871795,4,control,AM,50,48,126
4.22222222222222,0.826086956521739,1,primed,AM,50,48,127
5.11111111111111,1,1,control,AM,50,48,127
2.88888888888889,0.565217391304348,2,primed,AM,50,48,127
6.22222222222222,1.21739130434783,2,control,AM,50,48,127
3.33333333333333,0.652173913043478,3,primed,AM,50,48,127
5.33333333333333,1.04347826086957,3,control,AM,50,48,127
3.55555555555556,0.695652173913044,4,primed,AM,50,48,127
4,0.782608695652174,4,control,AM,50,48,127
13.3333333333333,1.30434782608696,1,primed,AM,50,49,129
10.2222222222222,1,1,control,AM,50,49,129
13.1111111111111,1.28260869565217,2,primed,AM,50,49,129
9.77777777777778,0.956521739130435,2,control,AM,50,49,129
5.55555555555556,0.543478260869565,3,primed,AM,50,49,129
10,0.978260869565218,3,control,AM,50,49,129
7.77777777777778,0.760869565217391,4,primed,AM,50,49,129
6.66666666666667,0.652173913043478,4,control,AM,50,49,129
10.4444444444444,0.824561403508772,1,primed,AM,50,49,130
12.6666666666667,1,1,control,AM,50,49,130
9.11111111111111,0.719298245614035,2,primed,AM,50,49,130
12.8888888888889,1.01754385964912,2,control,AM,50,49,130
8.22222222222222,0.649122807017544,3,primed,AM,50,49,130
12.6666666666667,1,3,control,AM,50,49,130
9.77777777777778,0.771929824561403,4,primed,AM,50,49,130
10.6666666666667,0.842105263157895,4,control,AM,50,49,130
10.4444444444444,1.20512820512821,1,primed,AM,50,49,131
8.66666666666667,1,1,control,AM,50,49,131
9.11111111111111,1.05128205128205,2,primed,AM,50,49,131
9.77777777777778,1.12820512820513,2,control,AM,50,49,131
7.77777777777778,0.897435897435897,3,primed,AM,50,49,131
9.33333333333333,1.07692307692308,3,control,AM,50,49,131
7.55555555555556,0.871794871794872,4,primed,AM,50,49,131
8.44444444444444,0.974358974358974,4,control,AM,50,49,131
10.4444444444444,1.27027027027027,1,primed,AM,50,50,132
8.22222222222222,1,1,control,AM,50,50,132
6.66666666666667,0.810810810810811,2,primed,AM,50,50,132
11.7777777777778,1.43243243243243,2,control,AM,50,50,132
10.2222222222222,1.24324324324324,3,primed,AM,50,50,132
7.77777777777778,0.945945945945946,3,control,AM,50,50,132
7.55555555555556,0.918918918918919,4,primed,AM,50,50,132
10.2222222222222,1.24324324324324,4,control,AM,50,50,132
7.77777777777778,0.593220338983051,1,primed,AM,52,51,136
13.1111111111111,1,1,control,AM,52,51,136
11.5555555555556,0.88135593220339,2,primed,AM,52,51,136
8.88888888888889,0.677966101694915,2,control,AM,52,51,136
8.66666666666667,0.661016949152542,3,primed,AM,52,51,136
11.3333333333333,0.864406779661017,3,control,AM,52,51,136
14,1.06779661016949,4,primed,AM,52,51,136
5.33333333333333,0.406779661016949,4,control,AM,52,51,136
7.11111111111111,1,1,primed,AM,52,51,137
7.11111111111111,1,1,control,AM,52,51,137
6.44444444444444,0.90625,2,primed,AM,52,51,137
7.55555555555556,1.0625,2,control,AM,52,51,137
6,0.84375,3,primed,AM,52,51,137
6.44444444444444,0.90625,3,control,AM,52,51,137
6.66666666666667,0.9375,4,primed,AM,52,51,137
5.77777777777778,0.8125,4,control,AM,52,51,137
6.88888888888889,1,1,primed,AM,52,51,138
6.88888888888889,1,1,control,AM,52,51,138
5.11111111111111,0.741935483870968,2,primed,AM,52,51,138
8,1.16129032258065,2,control,AM,52,51,138
6.44444444444444,0.935483870967742,3,primed,AM,52,51,138
5.11111111111111,0.741935483870968,3,control,AM,52,51,138
7.11111111111111,1.03225806451613,4,primed,AM,52,51,138
4.22222222222222,0.612903225806452,4,control,AM,52,51,138
9.33333333333333,1.05,1,primed,AM,53,53,167
8.88888888888889,1,1,control,AM,53,53,167
4.66666666666667,0.525,2,primed,AM,53,53,167
7.55555555555556,0.85,2,control,AM,53,53,167
6,0.675,3,primed,AM,53,53,167
5.77777777777778,0.65,3,control,AM,53,53,167
6.22222222222222,0.7,4,primed,AM,53,53,167
5.33333333333333,0.6,4,control,AM,53,53,167
12.4444444444444,1.6,1,primed,AM,53,53,168
7.77777777777778,1,1,control,AM,53,53,168
8.66666666666667,1.11428571428571,2,primed,AM,53,53,168
8.22222222222222,1.05714285714286,2,control,AM,53,53,168
6.88888888888889,0.885714285714286,3,primed,AM,53,53,168
8.44444444444444,1.08571428571429,3,control,AM,53,53,168
6.22222222222222,0.8,4,primed,AM,53,53,168
8.22222222222222,1.05714285714286,4,control,AM,53,53,168
8.88888888888889,1.53846153846154,1,primed,AM,53,53,169
5.77777777777778,1,1,control,AM,53,53,169
8,1.38461538461538,2,primed,AM,53,53,169
6.22222222222222,1.07692307692308,2,control,AM,53,53,169
5.55555555555556,0.961538461538462,3,primed,AM,53,53,169
8,1.38461538461538,3,control,AM,53,53,169
6,1.03846153846154,4,primed,AM,53,53,169
6,1.03846153846154,4,control,AM,53,53,169
8.66666666666667,0.672413793103448,1,primed,AM,53,54,170
12.8888888888889,1,1,control,AM,53,54,170
9.11111111111111,0.706896551724138,2,primed,AM,53,54,170
10.6666666666667,0.827586206896552,2,control,AM,53,54,170
8.44444444444444,0.655172413793103,3,primed,AM,53,54,170
10,0.775862068965517,3,control,AM,53,54,170
7.77777777777778,0.603448275862069,4,primed,AM,53,54,170
10.2222222222222,0.793103448275862,4,control,AM,53,54,170
12.8888888888889,1.23404255319149,1,primed,AM,53,54,171
10.4444444444444,1,1,control,AM,53,54,171
6.66666666666667,0.638297872340426,2,primed,AM,53,54,171
10.2222222222222,0.978723404255319,2,control,AM,53,54,171
7.33333333333333,0.702127659574468,3,primed,AM,53,54,171
9.11111111111111,0.872340425531915,3,control,AM,53,54,171
7.55555555555556,0.723404255319149,4,primed,AM,53,54,171
8.44444444444444,0.808510638297872,4,control,AM,53,54,171
10,0.833333333333333,1,primed,AM,53,54,172
12,1,1,control,AM,53,54,172
9.33333333333333,0.777777777777778,2,primed,AM,53,54,172
7.11111111111111,0.592592592592593,2,control,AM,53,54,172
5.77777777777778,0.481481481481481,3,primed,AM,53,54,172
8.44444444444444,0.703703703703704,3,control,AM,53,54,172
8.44444444444444,0.703703703703704,4,primed,AM,53,54,172
5.55555555555556,0.462962962962963,4,control,AM,53,54,172
22.2222222222222,1.42857142857143,1,primed,AM,53,54,174
15.5555555555556,1,1,control,AM,53,54,174
16,1.02857142857143,2,primed,AM,53,54,174
18.4444444444444,1.18571428571429,2,control,AM,53,54,174
17.1111111111111,1.1,3,primed,AM,53,54,174
13.7777777777778,0.885714285714286,3,control,AM,53,54,174
15.3333333333333,0.985714285714286,4,primed,AM,53,54,174
14.8888888888889,0.957142857142857,4,control,AM,53,54,174
8,0.818181818181818,1,primed,AM,53,54,175
9.77777777777778,1,1,control,AM,53,54,175
10.4444444444444,1.06818181818182,2,primed,AM,53,54,175
6.88888888888889,0.704545454545455,2,control,AM,53,54,175
8,0.818181818181818,3,primed,AM,53,54,175
8.66666666666667,0.886363636363637,3,control,AM,53,54,175
8.88888888888889,0.909090909090909,4,primed,AM,53,54,175
7.77777777777778,0.795454545454545,4,control,AM,53,54,175
5.77777777777778,0.666666666666667,1,primed,AM,53,54,176
8.66666666666667,1,1,control,AM,53,54,176
6.44444444444444,0.743589743589744,2,primed,AM,53,54,176
7.77777777777778,0.897435897435897,2,control,AM,53,54,176
6.66666666666667,0.769230769230769,3,primed,AM,53,54,176
7.33333333333333,0.846153846153846,3,control,AM,53,54,176
8.44444444444444,0.974358974358974,4,primed,AM,53,54,176
5.55555555555556,0.641025641025641,4,control,AM,53,54,176
19.1111111111111,0.693548387096774,1,primed,AM,56,56,180
27.5555555555556,1,1,control,AM,56,56,180
21.5555555555556,0.782258064516129,2,primed,AM,56,56,180
18.6666666666667,0.67741935483871,2,control,AM,56,56,180
15.7777777777778,0.57258064516129,3,primed,AM,56,56,180
20.8888888888889,0.758064516129032,3,control,AM,56,56,180
17.1111111111111,0.620967741935484,4,primed,AM,56,56,180
18.8888888888889,0.685483870967742,4,control,AM,56,56,180
9.33333333333333,1.10526315789474,1,primed,AM,56,56,181
8.44444444444444,1,1,control,AM,56,56,181
5.77777777777778,0.684210526315789,2,primed,AM,56,56,181
10,1.18421052631579,2,control,AM,56,56,181
6,0.710526315789474,3,primed,AM,56,56,181
9.55555555555556,1.13157894736842,3,control,AM,56,56,181
8.66666666666667,1.02631578947368,4,primed,AM,56,56,181
6.66666666666667,0.789473684210526,4,control,AM,56,56,181
9.55555555555556,0.86,1,primed,AM,56,56,182
11.1111111111111,1,1,control,AM,56,56,182
8.66666666666667,0.78,2,primed,AM,56,56,182
9.33333333333333,0.84,2,control,AM,56,56,182
7.11111111111111,0.64,3,primed,AM,56,56,182
8.22222222222222,0.74,3,control,AM,56,56,182
8,0.72,4,primed,AM,56,56,182
6.44444444444444,0.58,4,control,AM,56,56,182
14.2222222222222,1.04918032786885,1,primed,AM,56,56,183
13.5555555555556,1,1,control,AM,56,56,183
6.66666666666667,0.491803278688525,2,primed,AM,56,56,183
9.55555555555556,0.704918032786885,2,control,AM,56,56,183
8.22222222222222,0.60655737704918,3,primed,AM,56,56,183
7.77777777777778,0.573770491803279,3,control,AM,56,56,183
7.77777777777778,0.573770491803279,4,primed,AM,56,56,183
6,0.442622950819672,4,control,AM,56,56,183
9.55555555555556,1.22857142857143,1,primed,AM,56,56,184
7.77777777777778,1,1,control,AM,56,56,184
5.55555555555556,0.714285714285714,2,primed,AM,56,56,184
11.1111111111111,1.42857142857143,2,control,AM,56,56,184
6.88888888888889,0.885714285714286,3,primed,AM,56,56,184
7.33333333333333,0.942857142857143,3,control,AM,56,56,184
6.88888888888889,0.885714285714286,4,primed,AM,56,56,184
5.11111111111111,0.657142857142857,4,control,AM,56,56,184
3.55555555555556,0.132231404958678,1,primed,AM,56,56,185
26.8888888888889,1,1,control,AM,56,56,185
3.33333333333333,0.12396694214876,2,primed,AM,56,56,185
17.3333333333333,0.644628099173554,2,control,AM,56,56,185
5.77777777777778,0.214876033057851,3,primed,AM,56,56,185
13.5555555555556,0.504132231404959,3,control,AM,56,56,185
4.22222222222222,0.15702479338843,4,primed,AM,56,56,185
14.6666666666667,0.545454545454546,4,control,AM,56,56,185
4.88888888888889,0.647058823529412,1,primed,AM,56,56,186
7.55555555555556,1,1,control,AM,56,56,186
5.11111111111111,0.676470588235294,2,primed,AM,56,56,186
7.11111111111111,0.941176470588235,2,control,AM,56,56,186
3.55555555555556,0.470588235294118,3,primed,AM,56,56,186
8.44444444444444,1.11764705882353,3,control,AM,56,56,186
4.22222222222222,0.558823529411765,4,primed,AM,56,56,186
7.33333333333333,0.970588235294118,4,control,AM,56,56,186
20.4444444444444,0.901960784313726,1,primed,AM,56,57,187
22.6666666666667,1,1,control,AM,56,57,187
22,0.970588235294118,2,primed,AM,56,57,187
17.7777777777778,0.784313725490196,2,control,AM,56,57,187
19.3333333333333,0.852941176470588,3,primed,AM,56,57,187
19.5555555555556,0.862745098039216,3,control,AM,56,57,187
18.8888888888889,0.833333333333333,4,primed,AM,56,57,187
18.8888888888889,0.833333333333333,4,control,AM,56,57,187
29.3333333333333,1.07317073170732,1,primed,AM,56,57,188
27.3333333333333,1,1,control,AM,56,57,188
28.4444444444444,1.04065040650407,2,primed,AM,56,57,188
27.7777777777778,1.01626016260163,2,control,AM,56,57,188
24.4444444444444,0.894308943089431,3,primed,AM,56,57,188
30.6666666666667,1.1219512195122,3,control,AM,56,57,188
25.1111111111111,0.91869918699187,4,primed,AM,56,57,188
29.1111111111111,1.0650406504065,4,control,AM,56,57,188
15.7777777777778,1.29090909090909,1,primed,AM,57,58,189
12.2222222222222,1,1,control,AM,57,58,189
14,1.14545454545455,2,primed,AM,57,58,189
13.7777777777778,1.12727272727273,2,control,AM,57,58,189
11.5555555555556,0.945454545454546,3,primed,AM,57,58,189
15.3333333333333,1.25454545454545,3,control,AM,57,58,189
13.7777777777778,1.12727272727273,4,primed,AM,57,58,189
13.1111111111111,1.07272727272727,4,control,AM,57,58,189
4.44444444444444,0.540540540540541,1,primed,AM,57,58,190
8.22222222222222,1,1,control,AM,57,58,190
6,0.72972972972973,2,primed,AM,57,58,190
4.88888888888889,0.594594594594595,2,control,AM,57,58,190
3.33333333333333,0.405405405405405,3,primed,AM,57,58,190
7.33333333333333,0.891891891891892,3,control,AM,57,58,190
5.33333333333333,0.648648648648649,4,primed,AM,57,58,190
4.44444444444444,0.540540540540541,4,control,AM,57,58,190
16.8888888888889,1.04109589041096,1,primed,AM,57,58,195
16.2222222222222,1,1,control,AM,57,58,195
18.2222222222222,1.12328767123288,2,primed,AM,57,58,195
9.55555555555556,0.589041095890411,2,control,AM,57,58,195
9.77777777777778,0.602739726027397,3,primed,AM,57,58,195
16.6666666666667,1.02739726027397,3,control,AM,57,58,195
12.6666666666667,0.780821917808219,4,primed,AM,57,58,195
13.1111111111111,0.808219178082192,4,control,AM,57,58,195
10.6666666666667,0.623376623376623,1,primed,AM,59,59,198
17.1111111111111,1,1,control,AM,59,59,198
13.3333333333333,0.779220779220779,2,primed,AM,59,59,198
12.2222222222222,0.714285714285714,2,control,AM,59,59,198
10,0.584415584415584,3,primed,AM,59,59,198
13.3333333333333,0.779220779220779,3,control,AM,59,59,198
10.2222222222222,0.597402597402597,4,primed,AM,59,59,198
12.6666666666667,0.74025974025974,4,control,AM,59,59,198
8.44444444444444,1.26666666666667,1,primed,AM,59,59,199
6.66666666666667,1,1,control,AM,59,59,199
5.77777777777778,0.866666666666667,2,primed,AM,59,59,199
8.44444444444444,1.26666666666667,2,control,AM,59,59,199
4.44444444444444,0.666666666666667,3,primed,AM,59,59,199
7.11111111111111,1.06666666666667,3,control,AM,59,59,199
6,0.9,4,primed,AM,59,59,199
4.22222222222222,0.633333333333333,4,control,AM,59,59,199
6,0.870967741935484,1,primed,AM,59,59,200
6.88888888888889,1,1,control,AM,59,59,200
6.88888888888889,1,2,primed,AM,59,59,200
5.33333333333333,0.774193548387097,2,control,AM,59,59,200
5.11111111111111,0.741935483870968,3,primed,AM,59,59,200
6,0.870967741935484,3,control,AM,59,59,200
4.66666666666667,0.67741935483871,4,primed,AM,59,59,200
6.22222222222222,0.903225806451613,4,control,AM,59,59,200
9.77777777777778,1.15789473684211,1,primed,AM,59,59,213
8.44444444444444,1,1,control,AM,59,59,213
7.55555555555556,0.894736842105263,2,primed,AM,59,59,213
10.4444444444444,1.23684210526316,2,control,AM,59,59,213
8.66666666666667,1.02631578947368,3,primed,AM,59,59,213
9.33333333333333,1.10526315789474,3,control,AM,59,59,213
9.11111111111111,1.07894736842105,4,primed,AM,59,59,213
8.88888888888889,1.05263157894737,4,control,AM,59,59,213
14,1.3125,1,primed,otherMTL,30,1,2
10.6666666666667,1,1,control,otherMTL,30,1,2
10,0.9375,2,primed,otherMTL,30,1,2
7.33333333333333,0.6875,2,control,otherMTL,30,1,2
4.22222222222222,0.395833333333333,3,primed,otherMTL,30,1,2
8.66666666666667,0.8125,3,control,otherMTL,30,1,2
4.44444444444444,0.416666666666667,4,primed,otherMTL,30,1,2
7.55555555555556,0.708333333333333,4,control,otherMTL,30,1,2
16.6666666666667,0.961538461538461,1,primed,otherMTL,30,1,3
17.3333333333333,1,1,control,otherMTL,30,1,3
18,1.03846153846154,2,primed,otherMTL,30,1,3
14.6666666666667,0.846153846153846,2,control,otherMTL,30,1,3
12.6666666666667,0.730769230769231,3,primed,otherMTL,30,1,3
14.6666666666667,0.846153846153846,3,control,otherMTL,30,1,3
12.2222222222222,0.705128205128205,4,primed,otherMTL,30,1,3
13.7777777777778,0.794871794871795,4,control,otherMTL,30,1,3
10.2222222222222,0.71875,1,primed,otherMTL,30,1,7
14.2222222222222,1,1,control,otherMTL,30,1,7
12,0.84375,2,primed,otherMTL,30,1,7
11.7777777777778,0.828125,2,control,otherMTL,30,1,7
11.3333333333333,0.796875,3,primed,otherMTL,30,1,7
12.2222222222222,0.859375,3,control,otherMTL,30,1,7
11.7777777777778,0.828125,4,primed,otherMTL,30,1,7
11.5555555555556,0.8125,4,control,otherMTL,30,1,7
8.44444444444444,0.974358974358974,1,primed,otherMTL,30,1,8
8.66666666666667,1,1,control,otherMTL,30,1,8
8.22222222222222,0.948717948717948,2,primed,otherMTL,30,1,8
7.11111111111111,0.82051282051282,2,control,otherMTL,30,1,8
5.77777777777778,0.666666666666667,3,primed,otherMTL,30,1,8
8.88888888888889,1.02564102564103,3,control,otherMTL,30,1,8
7.55555555555556,0.871794871794872,4,primed,otherMTL,30,1,8
6.88888888888889,0.794871794871795,4,control,otherMTL,30,1,8
3.33333333333333,0.652173913043478,1,primed,otherMTL,30,1,9
5.11111111111111,1,1,control,otherMTL,30,1,9
2.66666666666667,0.521739130434783,2,primed,otherMTL,30,1,9
4.44444444444444,0.869565217391304,2,control,otherMTL,30,1,9
3.77777777777778,0.739130434782609,3,primed,otherMTL,30,1,9
3.11111111111111,0.608695652173913,3,control,otherMTL,30,1,9
3.11111111111111,0.608695652173913,4,primed,otherMTL,30,1,9
2.66666666666667,0.521739130434783,4,control,otherMTL,30,1,9
9.11111111111111,0.891304347826087,1,primed,otherMTL,30,2,10
10.2222222222222,1,1,control,otherMTL,30,2,10
8.22222222222222,0.804347826086957,2,primed,otherMTL,30,2,10
8.66666666666667,0.847826086956522,2,control,otherMTL,30,2,10
7.33333333333333,0.717391304347826,3,primed,otherMTL,30,2,10
8,0.782608695652174,3,control,otherMTL,30,2,10
7.77777777777778,0.760869565217391,4,primed,otherMTL,30,2,10
7.55555555555556,0.739130434782609,4,control,otherMTL,30,2,10
9.11111111111111,0.836734693877551,1,primed,otherMTL,30,2,11
10.8888888888889,1,1,control,otherMTL,30,2,11
8.66666666666667,0.795918367346939,2,primed,otherMTL,30,2,11
8.22222222222222,0.755102040816326,2,control,otherMTL,30,2,11
8.66666666666667,0.795918367346939,3,primed,otherMTL,30,2,11
7.77777777777778,0.714285714285714,3,control,otherMTL,30,2,11
7.33333333333333,0.673469387755102,4,primed,otherMTL,30,2,11
8.44444444444444,0.775510204081633,4,control,otherMTL,30,2,11
14.6666666666667,1.17857142857143,1,primed,otherMTL,30,3,12
12.4444444444444,1,1,control,otherMTL,30,3,12
8,0.642857142857143,2,primed,otherMTL,30,3,12
8,0.642857142857143,2,control,otherMTL,30,3,12
10,0.803571428571429,3,primed,otherMTL,30,3,12
5.77777777777778,0.464285714285714,3,control,otherMTL,30,3,12
6.44444444444444,0.517857142857143,4,primed,otherMTL,30,3,12
6,0.482142857142857,4,control,otherMTL,30,3,12
10.8888888888889,1.4,1,primed,otherMTL,30,3,13
7.77777777777778,1,1,control,otherMTL,30,3,13
9.55555555555556,1.22857142857143,2,primed,otherMTL,30,3,13
7.11111111111111,0.914285714285714,2,control,otherMTL,30,3,13
7.77777777777778,1,3,primed,otherMTL,30,3,13
8,1.02857142857143,3,control,otherMTL,30,3,13
5.77777777777778,0.742857142857143,4,primed,otherMTL,30,3,13
7.33333333333333,0.942857142857143,4,control,otherMTL,30,3,13
9.55555555555556,0.877551020408163,1,primed,otherMTL,31,4,15
10.8888888888889,1,1,control,otherMTL,31,4,15
6.22222222222222,0.571428571428571,2,primed,otherMTL,31,4,15
9.11111111111111,0.836734693877551,2,control,otherMTL,31,4,15
2.88888888888889,0.26530612244898,3,primed,otherMTL,31,4,15
3.55555555555556,0.326530612244898,3,control,otherMTL,31,4,15
2,0.183673469387755,4,primed,otherMTL,31,4,15
4.44444444444444,0.408163265306122,4,control,otherMTL,31,4,15
28.4444444444444,0.920863309352518,1,primed,otherMTL,32,8,21
30.8888888888889,1,1,control,otherMTL,32,8,21
28.2222222222222,0.913669064748202,2,primed,otherMTL,32,8,21
30.8888888888889,1,2,control,otherMTL,32,8,21
27.5555555555556,0.892086330935252,3,primed,otherMTL,32,8,21
30.2222222222222,0.97841726618705,3,control,otherMTL,32,8,21
29.5555555555556,0.956834532374101,4,primed,otherMTL,32,8,21
28,0.906474820143885,4,control,otherMTL,32,8,21
11.3333333333333,0.761194029850746,1,primed,otherMTL,33,13,25
14.8888888888889,1,1,control,otherMTL,33,13,25
8.22222222222222,0.552238805970149,2,primed,otherMTL,33,13,25
11.5555555555556,0.776119402985075,2,control,otherMTL,33,13,25
5.77777777777778,0.388059701492537,3,primed,otherMTL,33,13,25
9.33333333333333,0.626865671641791,3,control,otherMTL,33,13,25
10.8888888888889,0.73134328358209,4,primed,otherMTL,33,13,25
0.222222222222222,0.0149253731343284,4,control,otherMTL,33,13,25
15.5555555555556,0.921052631578947,1,primed,otherMTL,33,13,26
16.8888888888889,1,1,control,otherMTL,33,13,26
15.5555555555556,0.921052631578947,2,primed,otherMTL,33,13,26
13.5555555555556,0.802631578947368,2,control,otherMTL,33,13,26
13.7777777777778,0.81578947368421,3,primed,otherMTL,33,13,26
14.8888888888889,0.881578947368421,3,control,otherMTL,33,13,26
14.4444444444444,0.855263157894737,4,primed,otherMTL,33,13,26
13.7777777777778,0.81578947368421,4,control,otherMTL,33,13,26
21.3333333333333,1.02127659574468,1,primed,otherMTL,33,13,27
20.8888888888889,1,1,control,otherMTL,33,13,27
18.8888888888889,0.904255319148936,2,primed,otherMTL,33,13,27
18,0.861702127659574,2,control,otherMTL,33,13,27
13.7777777777778,0.659574468085106,3,primed,otherMTL,33,13,27
15.5555555555556,0.74468085106383,3,control,otherMTL,33,13,27
12.2222222222222,0.585106382978723,4,primed,otherMTL,33,13,27
16.8888888888889,0.808510638297872,4,control,otherMTL,33,13,27
16.2222222222222,0.811111111111111,1,primed,otherMTL,33,14,28
20,1,1,control,otherMTL,33,14,28
14,0.7,2,primed,otherMTL,33,14,28
11.7777777777778,0.588888888888889,2,control,otherMTL,33,14,28
11.1111111111111,0.555555555555556,3,primed,otherMTL,33,14,28
12.6666666666667,0.633333333333333,3,control,otherMTL,33,14,28
11.1111111111111,0.555555555555556,4,primed,otherMTL,33,14,28
12.6666666666667,0.633333333333333,4,control,otherMTL,33,14,28
8.44444444444444,1.1875,1,primed,otherMTL,33,14,29
7.11111111111111,1,1,control,otherMTL,33,14,29
5.33333333333333,0.75,2,primed,otherMTL,33,14,29
7.77777777777778,1.09375,2,control,otherMTL,33,14,29
6,0.84375,3,primed,otherMTL,33,14,29
6.44444444444444,0.90625,3,control,otherMTL,33,14,29
3.33333333333333,0.46875,4,primed,otherMTL,33,14,29
4.22222222222222,0.59375,4,control,otherMTL,33,14,29
15.1111111111111,0.829268292682927,1,primed,otherMTL,33,14,30
18.2222222222222,1,1,control,otherMTL,33,14,30
14,0.768292682926829,2,primed,otherMTL,33,14,30
19.1111111111111,1.04878048780488,2,control,otherMTL,33,14,30
14.4444444444444,0.792682926829268,3,primed,otherMTL,33,14,30
18.6666666666667,1.02439024390244,3,control,otherMTL,33,14,30
15.5555555555556,0.853658536585366,4,primed,otherMTL,33,14,30
17.1111111111111,0.939024390243902,4,control,otherMTL,33,14,30
2.44444444444444,0.5,1,primed,otherMTL,34,16,32
4.88888888888889,1,1,control,otherMTL,34,16,32
2.66666666666667,0.545454545454546,2,primed,otherMTL,34,16,32
4.44444444444444,0.909090909090909,2,control,otherMTL,34,16,32
2.44444444444444,0.5,3,primed,otherMTL,34,16,32
4.44444444444444,0.909090909090909,3,control,otherMTL,34,16,32
3.55555555555556,0.727272727272727,4,primed,otherMTL,34,16,32
3.11111111111111,0.636363636363636,4,control,otherMTL,34,16,32
10.8888888888889,0.720588235294118,1,primed,otherMTL,34,19,35
15.1111111111111,1,1,control,otherMTL,34,19,35
13.5555555555556,0.897058823529412,2,primed,otherMTL,34,19,35
11.5555555555556,0.764705882352941,2,control,otherMTL,34,19,35
12.8888888888889,0.852941176470588,3,primed,otherMTL,34,19,35
11.5555555555556,0.764705882352941,3,control,otherMTL,34,19,35
10.8888888888889,0.720588235294118,4,primed,otherMTL,34,19,35
11.7777777777778,0.779411764705882,4,control,otherMTL,34,19,35
8.66666666666667,1.3448275862069,1,primed,otherMTL,35,20,36
6.44444444444444,1,1,control,otherMTL,35,20,36
5.55555555555556,0.862068965517241,2,primed,otherMTL,35,20,36
9.55555555555556,1.48275862068966,2,control,otherMTL,35,20,36
9.77777777777778,1.51724137931034,3,primed,otherMTL,35,20,36
5.11111111111111,0.793103448275862,3,control,otherMTL,35,20,36
9.55555555555556,1.48275862068966,4,primed,otherMTL,35,20,36
4.66666666666667,0.724137931034483,4,control,otherMTL,35,20,36
7.77777777777778,0.614035087719298,1,primed,otherMTL,35,20,37
12.6666666666667,1,1,control,otherMTL,35,20,37
11.3333333333333,0.894736842105263,2,primed,otherMTL,35,20,37
7.77777777777778,0.614035087719298,2,control,otherMTL,35,20,37
8.22222222222222,0.649122807017544,3,primed,otherMTL,35,20,37
10,0.789473684210526,3,control,otherMTL,35,20,37
6.22222222222222,0.491228070175439,4,primed,otherMTL,35,20,37
10.8888888888889,0.859649122807018,4,control,otherMTL,35,20,37
18.2222222222222,0.82,1,primed,otherMTL,35,20,38
22.2222222222222,1,1,control,otherMTL,35,20,38
13.3333333333333,0.6,2,primed,otherMTL,35,20,38
14.6666666666667,0.66,2,control,otherMTL,35,20,38
13.5555555555556,0.61,3,primed,otherMTL,35,20,38
14.2222222222222,0.64,3,control,otherMTL,35,20,38
11.3333333333333,0.51,4,primed,otherMTL,35,20,38
15.7777777777778,0.71,4,control,otherMTL,35,20,38
8.66666666666667,0.764705882352941,1,primed,otherMTL,35,20,39
11.3333333333333,1,1,control,otherMTL,35,20,39
11.3333333333333,1,2,primed,otherMTL,35,20,39
8.44444444444444,0.745098039215686,2,control,otherMTL,35,20,39
10.6666666666667,0.941176470588235,3,primed,otherMTL,35,20,39
7.11111111111111,0.627450980392157,3,control,otherMTL,35,20,39
10.2222222222222,0.901960784313726,4,primed,otherMTL,35,20,39
7.33333333333333,0.647058823529412,4,control,otherMTL,35,20,39
8.88888888888889,0.909090909090909,1,primed,otherMTL,35,20,40
9.77777777777778,1,1,control,otherMTL,35,20,40
9.11111111111111,0.931818181818182,2,primed,otherMTL,35,20,40
9.55555555555556,0.977272727272727,2,control,otherMTL,35,20,40
10,1.02272727272727,3,primed,otherMTL,35,20,40
7.11111111111111,0.727272727272727,3,control,otherMTL,35,20,40
9.77777777777778,1,4,primed,otherMTL,35,20,40
6.66666666666667,0.681818181818182,4,control,otherMTL,35,20,40
15.7777777777778,1.109375,1,primed,otherMTL,35,21,43
14.2222222222222,1,1,control,otherMTL,35,21,43
12.2222222222222,0.859375,2,primed,otherMTL,35,21,43
11.5555555555556,0.8125,2,control,otherMTL,35,21,43
12,0.84375,3,primed,otherMTL,35,21,43
9.55555555555556,0.671875,3,control,otherMTL,35,21,43
12.4444444444444,0.875,4,primed,otherMTL,35,21,43
8.88888888888889,0.625,4,control,otherMTL,35,21,43
12.8888888888889,1.26086956521739,1,primed,otherMTL,35,21,44
10.2222222222222,1,1,control,otherMTL,35,21,44
10,0.978260869565218,2,primed,otherMTL,35,21,44
10.2222222222222,1,2,control,otherMTL,35,21,44
11.3333333333333,1.10869565217391,3,primed,otherMTL,35,21,44
8.66666666666667,0.847826086956522,3,control,otherMTL,35,21,44
6.44444444444444,0.630434782608696,4,primed,otherMTL,35,21,44
11.5555555555556,1.1304347826087,4,control,otherMTL,35,21,44
11.7777777777778,1.17777777777778,1,primed,otherMTL,35,21,45
10,1,1,control,otherMTL,35,21,45
5.77777777777778,0.577777777777778,2,primed,otherMTL,35,21,45
8.88888888888889,0.888888888888889,2,control,otherMTL,35,21,45
7.33333333333333,0.733333333333333,3,primed,otherMTL,35,21,45
7.33333333333333,0.733333333333333,3,control,otherMTL,35,21,45
7.33333333333333,0.733333333333333,4,primed,otherMTL,35,21,45
7.33333333333333,0.733333333333333,4,control,otherMTL,35,21,45
6.22222222222222,1.03703703703704,1,primed,otherMTL,35,21,46
6,1,1,control,otherMTL,35,21,46
5.55555555555556,0.925925925925926,2,primed,otherMTL,35,21,46
4.66666666666667,0.777777777777778,2,control,otherMTL,35,21,46
4,0.666666666666667,3,primed,otherMTL,35,21,46
4.88888888888889,0.814814814814815,3,control,otherMTL,35,21,46
4,0.666666666666667,4,primed,otherMTL,35,21,46
4.22222222222222,0.703703703703704,4,control,otherMTL,35,21,46
8.22222222222222,0.616666666666667,1,primed,otherMTL,39,26,52
13.3333333333333,1,1,control,otherMTL,39,26,52
11.5555555555556,0.866666666666667,2,primed,otherMTL,39,26,52
6.44444444444444,0.483333333333333,2,control,otherMTL,39,26,52
12,0.9,3,primed,otherMTL,39,26,52
5.55555555555556,0.416666666666667,3,control,otherMTL,39,26,52
8.44444444444444,0.633333333333333,4,primed,otherMTL,39,26,52
8.66666666666667,0.65,4,control,otherMTL,39,26,52
8.22222222222222,1,1,primed,otherMTL,40,28,53
8.22222222222222,1,1,control,otherMTL,40,28,53
4.88888888888889,0.594594594594595,2,primed,otherMTL,40,28,53
5.77777777777778,0.702702702702703,2,control,otherMTL,40,28,53
5.55555555555556,0.675675675675676,3,primed,otherMTL,40,28,53
4,0.486486486486487,3,control,otherMTL,40,28,53
5.77777777777778,0.702702702702703,4,primed,otherMTL,40,28,53
3.77777777777778,0.459459459459459,4,control,otherMTL,40,28,53
11.3333333333333,0.836065573770492,1,primed,otherMTL,43,34,60
13.5555555555556,1,1,control,otherMTL,43,34,60
7.55555555555556,0.557377049180328,2,primed,otherMTL,43,34,60
9.11111111111111,0.672131147540984,2,control,otherMTL,43,34,60
7.11111111111111,0.524590163934426,3,primed,otherMTL,43,34,60
7.33333333333333,0.540983606557377,3,control,otherMTL,43,34,60
6,0.442622950819672,4,primed,otherMTL,43,34,60
4,0.295081967213115,4,control,otherMTL,43,34,60
28,1.125,1,primed,otherMTL,43,35,61
24.8888888888889,1,1,control,otherMTL,43,35,61
25.1111111111111,1.00892857142857,2,primed,otherMTL,43,35,61
27.3333333333333,1.09821428571429,2,control,otherMTL,43,35,61
24.8888888888889,1,3,primed,otherMTL,43,35,61
26.8888888888889,1.08035714285714,3,control,otherMTL,43,35,61
24.6666666666667,0.991071428571428,4,primed,otherMTL,43,35,61
26.8888888888889,1.08035714285714,4,control,otherMTL,43,35,61
8.44444444444444,0.745098039215686,1,primed,otherMTL,44,36,69
11.3333333333333,1,1,control,otherMTL,44,36,69
6.44444444444444,0.568627450980392,2,primed,otherMTL,44,36,69
10,0.882352941176471,2,control,otherMTL,44,36,69
4.66666666666667,0.411764705882353,3,primed,otherMTL,44,36,69
8.66666666666667,0.764705882352941,3,control,otherMTL,44,36,69
8.44444444444444,0.745098039215686,4,primed,otherMTL,44,36,69
4,0.352941176470588,4,control,otherMTL,44,36,69
7.77777777777778,1.02941176470588,1,primed,otherMTL,44,38,72
7.55555555555556,1,1,control,otherMTL,44,38,72
6,0.794117647058824,2,primed,otherMTL,44,38,72
8.22222222222222,1.08823529411765,2,control,otherMTL,44,38,72
6.44444444444444,0.852941176470588,3,primed,otherMTL,44,38,72
6.88888888888889,0.911764705882353,3,control,otherMTL,44,38,72
6.44444444444444,0.852941176470588,4,primed,otherMTL,44,38,72
6,0.794117647058824,4,control,otherMTL,44,38,72
6.66666666666667,0.9375,1,primed,otherMTL,44,39,74
7.11111111111111,1,1,control,otherMTL,44,39,74
6.66666666666667,0.9375,2,primed,otherMTL,44,39,74
5.77777777777778,0.8125,2,control,otherMTL,44,39,74
5.77777777777778,0.8125,3,primed,otherMTL,44,39,74
6.44444444444444,0.90625,3,control,otherMTL,44,39,74
6,0.84375,4,primed,otherMTL,44,39,74
6,0.84375,4,control,otherMTL,44,39,74
11.7777777777778,1.15217391304348,1,primed,otherMTL,46,41,76
10.2222222222222,1,1,control,otherMTL,46,41,76
9.11111111111111,0.891304347826087,2,primed,otherMTL,46,41,76
12.8888888888889,1.26086956521739,2,control,otherMTL,46,41,76
10.2222222222222,1,3,primed,otherMTL,46,41,76
11.3333333333333,1.10869565217391,3,control,otherMTL,46,41,76
6.88888888888889,0.673913043478261,4,primed,otherMTL,46,41,76
12,1.17391304347826,4,control,otherMTL,46,41,76
10.2222222222222,0.92,1,primed,otherMTL,46,41,77
11.1111111111111,1,1,control,otherMTL,46,41,77
12.2222222222222,1.1,2,primed,otherMTL,46,41,77
8.88888888888889,0.8,2,control,otherMTL,46,41,77
11.7777777777778,1.06,3,primed,otherMTL,46,41,77
9.11111111111111,0.82,3,control,otherMTL,46,41,77
9.77777777777778,0.88,4,primed,otherMTL,46,41,77
9.11111111111111,0.82,4,control,otherMTL,46,41,77
4.66666666666667,0.67741935483871,1,primed,otherMTL,46,41,78
6.88888888888889,1,1,control,otherMTL,46,41,78
3.11111111111111,0.451612903225806,2,primed,otherMTL,46,41,78
8.22222222222222,1.19354838709677,2,control,otherMTL,46,41,78
5.77777777777778,0.838709677419355,3,primed,otherMTL,46,41,78
4.88888888888889,0.709677419354839,3,control,otherMTL,46,41,78
6,0.870967741935484,4,primed,otherMTL,46,41,78
4.44444444444444,0.645161290322581,4,control,otherMTL,46,41,78
9.11111111111111,1.05128205128205,1,primed,otherMTL,47,43,79
8.66666666666667,1,1,control,otherMTL,47,43,79
6,0.692307692307692,2,primed,otherMTL,47,43,79
7.77777777777778,0.897435897435897,2,control,otherMTL,47,43,79
4.44444444444444,0.512820512820513,3,primed,otherMTL,47,43,79
7.33333333333333,0.846153846153846,3,control,otherMTL,47,43,79
5.55555555555556,0.641025641025641,4,primed,otherMTL,47,43,79
6.22222222222222,0.717948717948718,4,control,otherMTL,47,43,79
29.3333333333333,0.985074626865672,1,primed,otherMTL,48,44,81
29.7777777777778,1,1,control,otherMTL,48,44,81
30,1.00746268656716,2,primed,otherMTL,48,44,81
28.6666666666667,0.962686567164179,2,control,otherMTL,48,44,81
28,0.940298507462687,3,primed,otherMTL,48,44,81
30,1.00746268656716,3,control,otherMTL,48,44,81
26.4444444444444,0.888059701492537,4,primed,otherMTL,48,44,81
30.8888888888889,1.03731343283582,4,control,otherMTL,48,44,81
28.2222222222222,0.969465648854962,1,primed,otherMTL,48,44,82
29.1111111111111,1,1,control,otherMTL,48,44,82
28.2222222222222,0.969465648854962,2,primed,otherMTL,48,44,82
28.8888888888889,0.99236641221374,2,control,otherMTL,48,44,82
28.4444444444444,0.977099236641222,3,primed,otherMTL,48,44,82
26.8888888888889,0.923664122137405,3,control,otherMTL,48,44,82
25.1111111111111,0.862595419847328,4,primed,otherMTL,48,44,82
30,1.03053435114504,4,control,otherMTL,48,44,82
23.5555555555556,0.868852459016394,1,primed,otherMTL,48,44,83
27.1111111111111,1,1,control,otherMTL,48,44,83
23.1111111111111,0.852459016393443,2,primed,otherMTL,48,44,83
26.8888888888889,0.991803278688525,2,control,otherMTL,48,44,83
22.8888888888889,0.844262295081967,3,primed,otherMTL,48,44,83
26.8888888888889,0.991803278688525,3,control,otherMTL,48,44,83
25.5555555555556,0.942622950819672,4,primed,otherMTL,48,44,83
23.1111111111111,0.852459016393443,4,control,otherMTL,48,44,83
16,1,1,primed,otherMTL,48,44,84
16,1,1,control,otherMTL,48,44,84
13.3333333333333,0.833333333333333,2,primed,otherMTL,48,44,84
18,1.125,2,control,otherMTL,48,44,84
15.1111111111111,0.944444444444444,3,primed,otherMTL,48,44,84
16.2222222222222,1.01388888888889,3,control,otherMTL,48,44,84
18.2222222222222,1.13888888888889,4,primed,otherMTL,48,44,84
13.1111111111111,0.819444444444444,4,control,otherMTL,48,44,84
19.5555555555556,1.06024096385542,1,primed,otherMTL,48,44,85
18.4444444444444,1,1,control,otherMTL,48,44,85
16.4444444444444,0.891566265060241,2,primed,otherMTL,48,44,85
20.2222222222222,1.09638554216867,2,control,otherMTL,48,44,85
16.2222222222222,0.879518072289157,3,primed,otherMTL,48,44,85
18,0.975903614457831,3,control,otherMTL,48,44,85
17.1111111111111,0.927710843373494,4,primed,otherMTL,48,44,85
17.1111111111111,0.927710843373494,4,control,otherMTL,48,44,85
16.2222222222222,0.901234567901235,1,primed,otherMTL,48,44,86
18,1,1,control,otherMTL,48,44,86
16.8888888888889,0.938271604938272,2,primed,otherMTL,48,44,86
16.4444444444444,0.91358024691358,2,control,otherMTL,48,44,86
17.5555555555556,0.975308641975309,3,primed,otherMTL,48,44,86
15.5555555555556,0.864197530864197,3,control,otherMTL,48,44,86
15.7777777777778,0.876543209876543,4,primed,otherMTL,48,44,86
17.1111111111111,0.950617283950617,4,control,otherMTL,48,44,86
16,0.757894736842105,1,primed,otherMTL,48,44,87
21.1111111111111,1,1,control,otherMTL,48,44,87
18.4444444444444,0.873684210526316,2,primed,otherMTL,48,44,87
18.6666666666667,0.884210526315789,2,control,otherMTL,48,44,87
16.2222222222222,0.768421052631579,3,primed,otherMTL,48,44,87
20.4444444444444,0.968421052631579,3,control,otherMTL,48,44,87
14.4444444444444,0.684210526315789,4,primed,otherMTL,48,44,87
19.7777777777778,0.936842105263158,4,control,otherMTL,48,44,87
38.2222222222222,1.11688311688312,1,primed,otherMTL,48,44,88
34.2222222222222,1,1,control,otherMTL,48,44,88
37.5555555555556,1.0974025974026,2,primed,otherMTL,48,44,88
33.3333333333333,0.974025974025974,2,control,otherMTL,48,44,88
33.1111111111111,0.967532467532467,3,primed,otherMTL,48,44,88
32.6666666666667,0.954545454545455,3,control,otherMTL,48,44,88
32,0.935064935064935,4,primed,otherMTL,48,44,88
33.3333333333333,0.974025974025974,4,control,otherMTL,48,44,88
9.55555555555556,0.877551020408163,1,primed,otherMTL,48,44,89
10.8888888888889,1,1,control,otherMTL,48,44,89
10.2222222222222,0.938775510204082,2,primed,otherMTL,48,44,89
8.66666666666667,0.795918367346939,2,control,otherMTL,48,44,89
6.44444444444444,0.591836734693878,3,primed,otherMTL,48,44,89
7.33333333333333,0.673469387755102,3,control,otherMTL,48,44,89
4.66666666666667,0.428571428571428,4,primed,otherMTL,48,44,89
8.44444444444444,0.775510204081633,4,control,otherMTL,48,44,89
10.8888888888889,0.98,1,primed,otherMTL,48,45,92
11.1111111111111,1,1,control,otherMTL,48,45,92
10.4444444444444,0.94,2,primed,otherMTL,48,45,92
11.3333333333333,1.02,2,control,otherMTL,48,45,92
10.8888888888889,0.98,3,primed,otherMTL,48,45,92
10.8888888888889,0.98,3,control,otherMTL,48,45,92
10.8888888888889,0.98,4,primed,otherMTL,48,45,92
10.8888888888889,0.98,4,control,otherMTL,48,45,92
20.8888888888889,0.862385321100917,1,primed,otherMTL,48,45,93
24.2222222222222,1,1,control,otherMTL,48,45,93
21.7777777777778,0.899082568807339,2,primed,otherMTL,48,45,93
22.2222222222222,0.917431192660551,2,control,otherMTL,48,45,93
20.6666666666667,0.853211009174312,3,primed,otherMTL,48,45,93
21.5555555555556,0.889908256880734,3,control,otherMTL,48,45,93
22.2222222222222,0.917431192660551,4,primed,otherMTL,48,45,93
19.7777777777778,0.81651376146789,4,control,otherMTL,48,45,93
11.3333333333333,1.02,1,primed,otherMTL,49,46,104
11.1111111111111,1,1,control,otherMTL,49,46,104
10.2222222222222,0.92,2,primed,otherMTL,49,46,104
11.5555555555556,1.04,2,control,otherMTL,49,46,104
8.44444444444444,0.76,3,primed,otherMTL,49,46,104
12.2222222222222,1.1,3,control,otherMTL,49,46,104
10.4444444444444,0.94,4,primed,otherMTL,49,46,104
10.2222222222222,0.92,4,control,otherMTL,49,46,104
58.4444444444444,0.946043165467626,1,primed,otherMTL,49,46,105
61.7777777777778,1,1,control,otherMTL,49,46,105
56.2222222222222,0.910071942446043,2,primed,otherMTL,49,46,105
60,0.971223021582734,2,control,otherMTL,49,46,105
55.7777777777778,0.902877697841727,3,primed,otherMTL,49,46,105
58.4444444444444,0.946043165467626,3,control,otherMTL,49,46,105
56.4444444444444,0.913669064748202,4,primed,otherMTL,49,46,105
57.5555555555556,0.931654676258993,4,control,otherMTL,49,46,105
9.55555555555556,0.877551020408163,1,primed,otherMTL,49,46,106
10.8888888888889,1,1,control,otherMTL,49,46,106
8.88888888888889,0.816326530612245,2,primed,otherMTL,49,46,106
9.11111111111111,0.836734693877551,2,control,otherMTL,49,46,106
9.55555555555556,0.877551020408163,3,primed,otherMTL,49,46,106
7.33333333333333,0.673469387755102,3,control,otherMTL,49,46,106
8.44444444444444,0.775510204081633,4,primed,otherMTL,49,46,106
7.33333333333333,0.673469387755102,4,control,otherMTL,49,46,106
3.77777777777778,0.459459459459459,1,primed,otherMTL,49,46,108
8.22222222222222,1,1,control,otherMTL,49,46,108
5.33333333333333,0.648648648648649,2,primed,otherMTL,49,46,108
6.44444444444444,0.783783783783784,2,control,otherMTL,49,46,108
4.66666666666667,0.567567567567568,3,primed,otherMTL,49,46,108
3.55555555555556,0.432432432432433,3,control,otherMTL,49,46,108
3.77777777777778,0.459459459459459,4,primed,otherMTL,49,46,108
3.55555555555556,0.432432432432433,4,control,otherMTL,49,46,108
15.5555555555556,1.16666666666667,1,primed,otherMTL,49,46,109
13.3333333333333,1,1,control,otherMTL,49,46,109
14,1.05,2,primed,otherMTL,49,46,109
14,1.05,2,control,otherMTL,49,46,109
14.8888888888889,1.11666666666667,3,primed,otherMTL,49,46,109
12.6666666666667,0.95,3,control,otherMTL,49,46,109
14.4444444444444,1.08333333333333,4,primed,otherMTL,49,46,109
13.1111111111111,0.983333333333333,4,control,otherMTL,49,46,109
46.4444444444444,1.00480769230769,1,primed,otherMTL,49,46,110
46.2222222222222,1,1,control,otherMTL,49,46,110
50.2222222222222,1.08653846153846,2,primed,otherMTL,49,46,110
41.3333333333333,0.894230769230769,2,control,otherMTL,49,46,110
42.6666666666667,0.923076923076923,3,primed,otherMTL,49,46,110
47.3333333333333,1.02403846153846,3,control,otherMTL,49,46,110
44.6666666666667,0.966346153846154,4,primed,otherMTL,49,46,110
44.6666666666667,0.966346153846154,4,control,otherMTL,49,46,110
5.11111111111111,0.696969696969697,1,primed,otherMTL,49,46,111
7.33333333333333,1,1,control,otherMTL,49,46,111
5.77777777777778,0.787878787878788,2,primed,otherMTL,49,46,111
5.11111111111111,0.696969696969697,2,control,otherMTL,49,46,111
4.44444444444444,0.606060606060606,3,primed,otherMTL,49,46,111
5.11111111111111,0.696969696969697,3,control,otherMTL,49,46,111
3.33333333333333,0.454545454545455,4,primed,otherMTL,49,46,111
5.11111111111111,0.696969696969697,4,control,otherMTL,49,46,111
16.6666666666667,0.892857142857143,1,primed,otherMTL,49,46,112
18.6666666666667,1,1,control,otherMTL,49,46,112
16.6666666666667,0.892857142857143,2,primed,otherMTL,49,46,112
15.3333333333333,0.821428571428572,2,control,otherMTL,49,46,112
17.1111111111111,0.916666666666667,3,primed,otherMTL,49,46,112
14,0.75,3,control,otherMTL,49,46,112
16.8888888888889,0.904761904761905,4,primed,otherMTL,49,46,112
13.7777777777778,0.738095238095238,4,control,otherMTL,49,46,112
24.6666666666667,1.18085106382979,1,primed,otherMTL,49,47,116
20.8888888888889,1,1,control,otherMTL,49,47,116
20,0.957446808510638,2,primed,otherMTL,49,47,116
21.5555555555556,1.03191489361702,2,control,otherMTL,49,47,116
17.7777777777778,0.851063829787234,3,primed,otherMTL,49,47,116
22.8888888888889,1.09574468085106,3,control,otherMTL,49,47,116
12.6666666666667,0.606382978723404,4,primed,otherMTL,49,47,116
24.6666666666667,1.18085106382979,4,control,otherMTL,49,47,116
13.3333333333333,1.93548387096774,1,primed,otherMTL,49,47,117
6.88888888888889,1,1,control,otherMTL,49,47,117
6,0.870967741935484,2,primed,otherMTL,49,47,117
10.8888888888889,1.58064516129032,2,control,otherMTL,49,47,117
8,1.16129032258065,3,primed,otherMTL,49,47,117
8.66666666666667,1.25806451612903,3,control,otherMTL,49,47,117
7.55555555555556,1.09677419354839,4,primed,otherMTL,49,47,117
8.22222222222222,1.19354838709677,4,control,otherMTL,49,47,117
15.1111111111111,0.944444444444444,1,primed,otherMTL,49,47,118
16,1,1,control,otherMTL,49,47,118
11.3333333333333,0.708333333333333,2,primed,otherMTL,49,47,118
19.3333333333333,1.20833333333333,2,control,otherMTL,49,47,118
17.3333333333333,1.08333333333333,3,primed,otherMTL,49,47,118
12.8888888888889,0.805555555555556,3,control,otherMTL,49,47,118
13.7777777777778,0.861111111111111,4,primed,otherMTL,49,47,118
16.2222222222222,1.01388888888889,4,control,otherMTL,49,47,118
33.5555555555556,0.803191489361702,1,primed,otherMTL,49,47,119
41.7777777777778,1,1,control,otherMTL,49,47,119
35.5555555555556,0.851063829787234,2,primed,otherMTL,49,47,119
36.6666666666667,0.877659574468085,2,control,otherMTL,49,47,119
28.2222222222222,0.675531914893617,3,primed,otherMTL,49,47,119
31.5555555555556,0.75531914893617,3,control,otherMTL,49,47,119
30.2222222222222,0.723404255319149,4,primed,otherMTL,49,47,119
28.8888888888889,0.691489361702128,4,control,otherMTL,49,47,119
9.55555555555556,1.075,1,primed,otherMTL,49,47,120
8.88888888888889,1,1,control,otherMTL,49,47,120
8.44444444444444,0.95,2,primed,otherMTL,49,47,120
9.77777777777778,1.1,2,control,otherMTL,49,47,120
7.11111111111111,0.8,3,primed,otherMTL,49,47,120
10,1.125,3,control,otherMTL,49,47,120
9.11111111111111,1.025,4,primed,otherMTL,49,47,120
7.55555555555556,0.85,4,control,otherMTL,49,47,120
17.7777777777778,0.963855421686747,1,primed,otherMTL,49,47,121
18.4444444444444,1,1,control,otherMTL,49,47,121
17.1111111111111,0.927710843373494,2,primed,otherMTL,49,47,121
17.1111111111111,0.927710843373494,2,control,otherMTL,49,47,121
15.5555555555556,0.843373493975904,3,primed,otherMTL,49,47,121
17.7777777777778,0.963855421686747,3,control,otherMTL,49,47,121
16.2222222222222,0.879518072289157,4,primed,otherMTL,49,47,121
14.6666666666667,0.795180722891566,4,control,otherMTL,49,47,121
13.3333333333333,0.882352941176471,1,primed,otherMTL,49,47,122
15.1111111111111,1,1,control,otherMTL,49,47,122
13.5555555555556,0.897058823529412,2,primed,otherMTL,49,47,122
10,0.661764705882353,2,control,otherMTL,49,47,122
9.33333333333333,0.617647058823529,3,primed,otherMTL,49,47,122
13.5555555555556,0.897058823529412,3,control,otherMTL,49,47,122
13.5555555555556,0.897058823529412,4,primed,otherMTL,49,47,122
8.88888888888889,0.588235294117647,4,control,otherMTL,49,47,122
2.66666666666667,0.571428571428572,1,primed,otherMTL,50,48,123
4.66666666666667,1,1,control,otherMTL,50,48,123
2.22222222222222,0.476190476190476,2,primed,otherMTL,50,48,123
4,0.857142857142857,2,control,otherMTL,50,48,123
2.88888888888889,0.619047619047619,3,primed,otherMTL,50,48,123
3.33333333333333,0.714285714285714,3,control,otherMTL,50,48,123
2.44444444444444,0.523809523809524,4,primed,otherMTL,50,48,123
3.55555555555556,0.761904761904762,4,control,otherMTL,50,48,123
7.55555555555556,0.944444444444444,1,primed,otherMTL,50,49,128
8,1,1,control,otherMTL,50,49,128
7.33333333333333,0.916666666666667,2,primed,otherMTL,50,49,128
7.33333333333333,0.916666666666667,2,control,otherMTL,50,49,128
7.55555555555556,0.944444444444444,3,primed,otherMTL,50,49,128
6.66666666666667,0.833333333333333,3,control,otherMTL,50,49,128
8.44444444444444,1.05555555555556,4,primed,otherMTL,50,49,128
5.77777777777778,0.722222222222222,4,control,otherMTL,50,49,128
8.88888888888889,1.29032258064516,1,primed,otherMTL,52,51,133
6.88888888888889,1,1,control,otherMTL,52,51,133
8.22222222222222,1.19354838709677,2,primed,otherMTL,52,51,133
7.11111111111111,1.03225806451613,2,control,otherMTL,52,51,133
7.11111111111111,1.03225806451613,3,primed,otherMTL,52,51,133
7.77777777777778,1.12903225806452,3,control,otherMTL,52,51,133
8.66666666666667,1.25806451612903,4,primed,otherMTL,52,51,133
5.77777777777778,0.838709677419355,4,control,otherMTL,52,51,133
20.6666666666667,0.732283464566929,1,primed,otherMTL,52,51,134
28.2222222222222,1,1,control,otherMTL,52,51,134
12.6666666666667,0.448818897637795,2,primed,otherMTL,52,51,134
8.44444444444444,0.299212598425197,2,control,otherMTL,52,51,134
11.1111111111111,0.393700787401575,3,primed,otherMTL,52,51,134
7.33333333333333,0.259842519685039,3,control,otherMTL,52,51,134
6.66666666666667,0.236220472440945,4,primed,otherMTL,52,51,134
11.3333333333333,0.401574803149606,4,control,otherMTL,52,51,134
18.6666666666667,1.4,1,primed,otherMTL,52,51,135
13.3333333333333,1,1,control,otherMTL,52,51,135
14.2222222222222,1.06666666666667,2,primed,otherMTL,52,51,135
14.6666666666667,1.1,2,control,otherMTL,52,51,135
15.5555555555556,1.16666666666667,3,primed,otherMTL,52,51,135
10.6666666666667,0.8,3,control,otherMTL,52,51,135
11.1111111111111,0.833333333333333,4,primed,otherMTL,52,51,135
11.3333333333333,0.85,4,control,otherMTL,52,51,135
11.7777777777778,1,1,primed,otherMTL,52,51,139
11.7777777777778,1,1,control,otherMTL,52,51,139
9.77777777777778,0.830188679245283,2,primed,otherMTL,52,51,139
11.5555555555556,0.981132075471698,2,control,otherMTL,52,51,139
8.22222222222222,0.69811320754717,3,primed,otherMTL,52,51,139
12.2222222222222,1.0377358490566,3,control,otherMTL,52,51,139
8,0.679245283018868,4,primed,otherMTL,52,51,139
11.7777777777778,1,4,control,otherMTL,52,51,139
12.6666666666667,0.876923076923077,1,primed,otherMTL,52,51,140
14.4444444444444,1,1,control,otherMTL,52,51,140
11.7777777777778,0.815384615384615,2,primed,otherMTL,52,51,140
13.1111111111111,0.907692307692308,2,control,otherMTL,52,51,140
12.4444444444444,0.861538461538462,3,primed,otherMTL,52,51,140
10.6666666666667,0.738461538461539,3,control,otherMTL,52,51,140
10.2222222222222,0.707692307692308,4,primed,otherMTL,52,51,140
12.2222222222222,0.846153846153846,4,control,otherMTL,52,51,140
23.3333333333333,0.981308411214953,1,primed,otherMTL,52,51,141
23.7777777777778,1,1,control,otherMTL,52,51,141
16.2222222222222,0.682242990654206,2,primed,otherMTL,52,51,141
23.7777777777778,1,2,control,otherMTL,52,51,141
16.4444444444444,0.691588785046729,3,primed,otherMTL,52,51,141
19.3333333333333,0.813084112149533,3,control,otherMTL,52,51,141
17.1111111111111,0.719626168224299,4,primed,otherMTL,52,51,141
17.3333333333333,0.728971962616823,4,control,otherMTL,52,51,141
28.4444444444444,1.04918032786885,1,primed,otherMTL,52,51,142
27.1111111111111,1,1,control,otherMTL,52,51,142
21.1111111111111,0.778688524590164,2,primed,otherMTL,52,51,142
19.5555555555556,0.721311475409836,2,control,otherMTL,52,51,142
18,0.663934426229508,3,primed,otherMTL,52,51,142
19.7777777777778,0.729508196721312,3,control,otherMTL,52,51,142
12.8888888888889,0.475409836065574,4,primed,otherMTL,52,51,142
19.1111111111111,0.704918032786885,4,control,otherMTL,52,51,142
23.3333333333333,1.25,1,primed,otherMTL,52,51,143
18.6666666666667,1,1,control,otherMTL,52,51,143
13.3333333333333,0.714285714285714,2,primed,otherMTL,52,51,143
14.6666666666667,0.785714285714286,2,control,otherMTL,52,51,143
13.3333333333333,0.714285714285714,3,primed,otherMTL,52,51,143
12,0.642857142857143,3,control,otherMTL,52,51,143
12,0.642857142857143,4,primed,otherMTL,52,51,143
13.3333333333333,0.714285714285714,4,control,otherMTL,52,51,143
5.55555555555556,0.595238095238095,1,primed,otherMTL,52,51,144
9.33333333333333,1,1,control,otherMTL,52,51,144
6,0.642857142857143,2,primed,otherMTL,52,51,144
8.22222222222222,0.880952380952381,2,control,otherMTL,52,51,144
3.11111111111111,0.333333333333333,3,primed,otherMTL,52,51,144
7.33333333333333,0.785714285714286,3,control,otherMTL,52,51,144
4.44444444444444,0.476190476190476,4,primed,otherMTL,52,51,144
5.11111111111111,0.547619047619048,4,control,otherMTL,52,51,144
24,0.9,1,primed,otherMTL,52,51,145
26.6666666666667,1,1,control,otherMTL,52,51,145
16.8888888888889,0.633333333333333,2,primed,otherMTL,52,51,145
18,0.675,2,control,otherMTL,52,51,145
15.7777777777778,0.591666666666667,3,primed,otherMTL,52,51,145
16.6666666666667,0.625,3,control,otherMTL,52,51,145
15.3333333333333,0.575,4,primed,otherMTL,52,51,145
16.4444444444444,0.616666666666667,4,control,otherMTL,52,51,145
10,1.15384615384615,1,primed,otherMTL,52,51,146
8.66666666666667,1,1,control,otherMTL,52,51,146
9.11111111111111,1.05128205128205,2,primed,otherMTL,52,51,146
6.66666666666667,0.769230769230769,2,control,otherMTL,52,51,146
8.22222222222222,0.948717948717948,3,primed,otherMTL,52,51,146
7.33333333333333,0.846153846153846,3,control,otherMTL,52,51,146
6.66666666666667,0.769230769230769,4,primed,otherMTL,52,51,146
8,0.923076923076923,4,control,otherMTL,52,51,146
8,0.765957446808511,1,primed,otherMTL,52,51,147
10.4444444444444,1,1,control,otherMTL,52,51,147
5.33333333333333,0.51063829787234,2,primed,otherMTL,52,51,147
6.22222222222222,0.595744680851064,2,control,otherMTL,52,51,147
4,0.382978723404255,3,primed,otherMTL,52,51,147
6,0.574468085106383,3,control,otherMTL,52,51,147
3.33333333333333,0.319148936170213,4,primed,otherMTL,52,51,147
5.33333333333333,0.51063829787234,4,control,otherMTL,52,51,147
14.6666666666667,0.904109589041096,1,primed,otherMTL,52,51,148
16.2222222222222,1,1,control,otherMTL,52,51,148
16,0.986301369863014,2,primed,otherMTL,52,51,148
14.4444444444444,0.890410958904109,2,control,otherMTL,52,51,148
10.2222222222222,0.63013698630137,3,primed,otherMTL,52,51,148
16.2222222222222,1,3,control,otherMTL,52,51,148
9.11111111111111,0.561643835616438,4,primed,otherMTL,52,51,148
10,0.616438356164384,4,control,otherMTL,52,51,148
30.4444444444444,1.01481481481481,1,primed,otherMTL,52,51,149
30,1,1,control,otherMTL,52,51,149
27.3333333333333,0.911111111111111,2,primed,otherMTL,52,51,149
29.1111111111111,0.97037037037037,2,control,otherMTL,52,51,149
23.7777777777778,0.792592592592593,3,primed,otherMTL,52,51,149
27.5555555555556,0.918518518518518,3,control,otherMTL,52,51,149
14.4444444444444,0.481481481481481,4,primed,otherMTL,52,51,149
14.6666666666667,0.488888888888889,4,control,otherMTL,52,51,149
11.3333333333333,0.944444444444444,1,primed,otherMTL,52,51,150
12,1,1,control,otherMTL,52,51,150
8.66666666666667,0.722222222222222,2,primed,otherMTL,52,51,150
10.2222222222222,0.851851851851852,2,control,otherMTL,52,51,150
10.6666666666667,0.888888888888889,3,primed,otherMTL,52,51,150
7.77777777777778,0.648148148148148,3,control,otherMTL,52,51,150
8,0.666666666666667,4,primed,otherMTL,52,51,150
9.33333333333333,0.777777777777778,4,control,otherMTL,52,51,150
7.55555555555556,1.61904761904762,1,primed,otherMTL,52,51,151
4.66666666666667,1,1,control,otherMTL,52,51,151
4.88888888888889,1.04761904761905,2,primed,otherMTL,52,51,151
6.88888888888889,1.47619047619048,2,control,otherMTL,52,51,151
5.33333333333333,1.14285714285714,3,primed,otherMTL,52,51,151
5.77777777777778,1.23809523809524,3,control,otherMTL,52,51,151
5.11111111111111,1.0952380952381,4,primed,otherMTL,52,51,151
3.55555555555556,0.761904761904762,4,control,otherMTL,52,51,151
9.55555555555556,0.704918032786885,1,primed,otherMTL,52,51,152
13.5555555555556,1,1,control,otherMTL,52,51,152
6.66666666666667,0.491803278688525,2,primed,otherMTL,52,51,152
9.11111111111111,0.672131147540984,2,control,otherMTL,52,51,152
7.33333333333333,0.540983606557377,3,primed,otherMTL,52,51,152
7.55555555555556,0.557377049180328,3,control,otherMTL,52,51,152
7.33333333333333,0.540983606557377,4,primed,otherMTL,52,51,152
6.66666666666667,0.491803278688525,4,control,otherMTL,52,51,152
38.6666666666667,0.910994764397906,1,primed,otherMTL,52,51,153
42.4444444444444,1,1,control,otherMTL,52,51,153
42.4444444444444,1,2,primed,otherMTL,52,51,153
38.4444444444444,0.905759162303665,2,control,otherMTL,52,51,153
35.5555555555556,0.837696335078534,3,primed,otherMTL,52,51,153
37.1111111111111,0.87434554973822,3,control,otherMTL,52,51,153
34,0.801047120418848,4,primed,otherMTL,52,51,153
34.8888888888889,0.821989528795811,4,control,otherMTL,52,51,153
10.4444444444444,1,1,primed,otherMTL,52,51,154
10.4444444444444,1,1,control,otherMTL,52,51,154
11.5555555555556,1.1063829787234,2,primed,otherMTL,52,51,154
9.11111111111111,0.872340425531915,2,control,otherMTL,52,51,154
10.4444444444444,1,3,primed,otherMTL,52,51,154
9.11111111111111,0.872340425531915,3,control,otherMTL,52,51,154
8.66666666666667,0.829787234042553,4,primed,otherMTL,52,51,154
9.77777777777778,0.936170212765957,4,control,otherMTL,52,51,154
8,0.654545454545455,1,primed,otherMTL,52,51,155
12.2222222222222,1,1,control,otherMTL,52,51,155
7.11111111111111,0.581818181818182,2,primed,otherMTL,52,51,155
7.33333333333333,0.6,2,control,otherMTL,52,51,155
5.33333333333333,0.436363636363636,3,primed,otherMTL,52,51,155
4.88888888888889,0.4,3,control,otherMTL,52,51,155
5.11111111111111,0.418181818181818,4,primed,otherMTL,52,51,155
4.88888888888889,0.4,4,control,otherMTL,52,51,155
5.55555555555556,0.595238095238095,1,primed,otherMTL,52,51,156
9.33333333333333,1,1,control,otherMTL,52,51,156
3.77777777777778,0.404761904761905,2,primed,otherMTL,52,51,156
5.33333333333333,0.571428571428572,2,control,otherMTL,52,51,156
4.88888888888889,0.523809523809524,3,primed,otherMTL,52,51,156
3.77777777777778,0.404761904761905,3,control,otherMTL,52,51,156
4,0.428571428571429,4,primed,otherMTL,52,51,156
3.55555555555556,0.380952380952381,4,control,otherMTL,52,51,156
6.44444444444444,0.58,1,primed,otherMTL,52,51,157
11.1111111111111,1,1,control,otherMTL,52,51,157
8.66666666666667,0.78,2,primed,otherMTL,52,51,157
8.44444444444444,0.76,2,control,otherMTL,52,51,157
6.22222222222222,0.56,3,primed,otherMTL,52,51,157
8.88888888888889,0.8,3,control,otherMTL,52,51,157
5.55555555555556,0.5,4,primed,otherMTL,52,51,157
7.55555555555556,0.68,4,control,otherMTL,52,51,157
8.66666666666667,0.886363636363637,1,primed,otherMTL,52,51,158
9.77777777777778,1,1,control,otherMTL,52,51,158
5.77777777777778,0.590909090909091,2,primed,otherMTL,52,51,158
7.11111111111111,0.727272727272727,2,control,otherMTL,52,51,158
4,0.409090909090909,3,primed,otherMTL,52,51,158
6.88888888888889,0.704545454545455,3,control,otherMTL,52,51,158
5.77777777777778,0.590909090909091,4,primed,otherMTL,52,51,158
4.66666666666667,0.477272727272727,4,control,otherMTL,52,51,158
16.8888888888889,0.91566265060241,1,primed,otherMTL,52,51,159
18.4444444444444,1,1,control,otherMTL,52,51,159
16.2222222222222,0.879518072289157,2,primed,otherMTL,52,51,159
16.8888888888889,0.91566265060241,2,control,otherMTL,52,51,159
14.2222222222222,0.771084337349398,3,primed,otherMTL,52,51,159
18.4444444444444,1,3,control,otherMTL,52,51,159
12.6666666666667,0.686746987951807,4,primed,otherMTL,52,51,159
14.4444444444444,0.783132530120482,4,control,otherMTL,52,51,159
10.4444444444444,0.643835616438356,1,primed,otherMTL,52,52,160
16.2222222222222,1,1,control,otherMTL,52,52,160
10.6666666666667,0.657534246575342,2,primed,otherMTL,52,52,160
12.6666666666667,0.780821917808219,2,control,otherMTL,52,52,160
11.3333333333333,0.698630136986301,3,primed,otherMTL,52,52,160
10.6666666666667,0.657534246575342,3,control,otherMTL,52,52,160
12.8888888888889,0.794520547945206,4,primed,otherMTL,52,52,160
8.44444444444444,0.52054794520548,4,control,otherMTL,52,52,160
16,0.878048780487805,1,primed,otherMTL,52,52,161
18.2222222222222,1,1,control,otherMTL,52,52,161
12.6666666666667,0.695121951219512,2,primed,otherMTL,52,52,161
10,0.548780487804878,2,control,otherMTL,52,52,161
9.77777777777778,0.536585365853658,3,primed,otherMTL,52,52,161
11.7777777777778,0.646341463414634,3,control,otherMTL,52,52,161
11.3333333333333,0.621951219512195,4,primed,otherMTL,52,52,161
8.22222222222222,0.451219512195122,4,control,otherMTL,52,52,161
11.1111111111111,0.961538461538462,1,primed,otherMTL,52,52,162
11.5555555555556,1,1,control,otherMTL,52,52,162
13.1111111111111,1.13461538461538,2,primed,otherMTL,52,52,162
8.44444444444444,0.730769230769231,2,control,otherMTL,52,52,162
8.44444444444444,0.730769230769231,3,primed,otherMTL,52,52,162
11.5555555555556,1,3,control,otherMTL,52,52,162
9.11111111111111,0.788461538461538,4,primed,otherMTL,52,52,162
8.66666666666667,0.75,4,control,otherMTL,52,52,162
16.4444444444444,0.778947368421053,1,primed,otherMTL,52,52,163
21.1111111111111,1,1,control,otherMTL,52,52,163
23.1111111111111,1.09473684210526,2,primed,otherMTL,52,52,163
12.6666666666667,0.6,2,control,otherMTL,52,52,163
20,0.947368421052632,3,primed,otherMTL,52,52,163
14.8888888888889,0.705263157894737,3,control,otherMTL,52,52,163
14.4444444444444,0.684210526315789,4,primed,otherMTL,52,52,163
16.2222222222222,0.768421052631579,4,control,otherMTL,52,52,163
15.5555555555556,1.11111111111111,1,primed,otherMTL,52,52,164
14,1,1,control,otherMTL,52,52,164
8.66666666666667,0.619047619047619,2,primed,otherMTL,52,52,164
9.77777777777778,0.698412698412698,2,control,otherMTL,52,52,164
6.44444444444444,0.46031746031746,3,primed,otherMTL,52,52,164
8.66666666666667,0.619047619047619,3,control,otherMTL,52,52,164
7.55555555555556,0.53968253968254,4,primed,otherMTL,52,52,164
7.11111111111111,0.507936507936508,4,control,otherMTL,52,52,164
5.77777777777778,0.65,1,primed,otherMTL,52,52,165
8.88888888888889,1,1,control,otherMTL,52,52,165
5.33333333333333,0.6,2,primed,otherMTL,52,52,165
7.55555555555556,0.85,2,control,otherMTL,52,52,165
5.55555555555556,0.625,3,primed,otherMTL,52,52,165
6.66666666666667,0.75,3,control,otherMTL,52,52,165
4.22222222222222,0.475,4,primed,otherMTL,52,52,165
7.77777777777778,0.875,4,control,otherMTL,52,52,165
6.44444444444444,0.878787878787879,1,primed,otherMTL,52,52,166
7.33333333333333,1,1,control,otherMTL,52,52,166
5.33333333333333,0.727272727272727,2,primed,otherMTL,52,52,166
7.77777777777778,1.06060606060606,2,control,otherMTL,52,52,166
3.11111111111111,0.424242424242424,3,primed,otherMTL,52,52,166
4.44444444444444,0.606060606060606,3,control,otherMTL,52,52,166
4,0.545454545454546,4,primed,otherMTL,52,52,166
2.44444444444444,0.333333333333333,4,control,otherMTL,52,52,166
5.77777777777778,0.838709677419355,1,primed,otherMTL,53,54,173
6.88888888888889,1,1,control,otherMTL,53,54,173
6.22222222222222,0.903225806451613,2,primed,otherMTL,53,54,173
6.22222222222222,0.903225806451613,2,control,otherMTL,53,54,173
5.33333333333333,0.774193548387097,3,primed,otherMTL,53,54,173
6.88888888888889,1,3,control,otherMTL,53,54,173
7.11111111111111,1.03225806451613,4,primed,otherMTL,53,54,173
4.88888888888889,0.709677419354839,4,control,otherMTL,53,54,173
6.88888888888889,1.63157894736842,1,primed,otherMTL,54,55,177
4.22222222222222,1,1,control,otherMTL,54,55,177
4.66666666666667,1.10526315789474,2,primed,otherMTL,54,55,177
6.22222222222222,1.47368421052632,2,control,otherMTL,54,55,177
5.55555555555556,1.31578947368421,3,primed,otherMTL,54,55,177
4.22222222222222,1,3,control,otherMTL,54,55,177
4.22222222222222,1,4,primed,otherMTL,54,55,177
5.55555555555556,1.31578947368421,4,control,otherMTL,54,55,177
6.22222222222222,1.55555555555556,1,primed,otherMTL,54,55,178
4,1,1,control,otherMTL,54,55,178
4,1,2,primed,otherMTL,54,55,178
5.77777777777778,1.44444444444444,2,control,otherMTL,54,55,178
4.66666666666667,1.16666666666667,3,primed,otherMTL,54,55,178
4.66666666666667,1.16666666666667,3,control,otherMTL,54,55,178
4.22222222222222,1.05555555555556,4,primed,otherMTL,54,55,178
4.88888888888889,1.22222222222222,4,control,otherMTL,54,55,178
17.5555555555556,1.17910447761194,1,primed,otherMTL,54,55,179
14.8888888888889,1,1,control,otherMTL,54,55,179
16.2222222222222,1.08955223880597,2,primed,otherMTL,54,55,179
16,1.07462686567164,2,control,otherMTL,54,55,179
17.1111111111111,1.14925373134328,3,primed,otherMTL,54,55,179
14.8888888888889,1,3,control,otherMTL,54,55,179
16.2222222222222,1.08955223880597,4,primed,otherMTL,54,55,179
15.7777777777778,1.05970149253731,4,control,otherMTL,54,55,179
20.2222222222222,1.10975609756098,1,primed,otherMTL,57,58,191
18.2222222222222,1,1,control,otherMTL,57,58,191
18,0.98780487804878,2,primed,otherMTL,57,58,191
16,0.878048780487805,2,control,otherMTL,57,58,191
16.2222222222222,0.890243902439024,3,primed,otherMTL,57,58,191
16,0.878048780487805,3,control,otherMTL,57,58,191
13.3333333333333,0.731707317073171,4,primed,otherMTL,57,58,191
18.4444444444444,1.01219512195122,4,control,otherMTL,57,58,191
9.77777777777778,0.88,1,primed,otherMTL,57,58,192
11.1111111111111,1,1,control,otherMTL,57,58,192
8.22222222222222,0.74,2,primed,otherMTL,57,58,192
10,0.9,2,control,otherMTL,57,58,192
8.22222222222222,0.74,3,primed,otherMTL,57,58,192
9.55555555555556,0.86,3,control,otherMTL,57,58,192
9.77777777777778,0.88,4,primed,otherMTL,57,58,192
8,0.72,4,control,otherMTL,57,58,192
11.5555555555556,0.666666666666667,1,primed,otherMTL,57,58,193
17.3333333333333,1,1,control,otherMTL,57,58,193
12.6666666666667,0.730769230769231,2,primed,otherMTL,57,58,193
12,0.692307692307692,2,control,otherMTL,57,58,193
12.8888888888889,0.743589743589744,3,primed,otherMTL,57,58,193
11.3333333333333,0.653846153846154,3,control,otherMTL,57,58,193
11.3333333333333,0.653846153846154,4,primed,otherMTL,57,58,193
11.3333333333333,0.653846153846154,4,control,otherMTL,57,58,193
7.11111111111111,1.33333333333333,1,primed,otherMTL,57,58,194
5.33333333333333,1,1,control,otherMTL,57,58,194
3.33333333333333,0.625,2,primed,otherMTL,57,58,194
6.22222222222222,1.16666666666667,2,control,otherMTL,57,58,194
2.88888888888889,0.541666666666667,3,primed,otherMTL,57,58,194
6.22222222222222,1.16666666666667,3,control,otherMTL,57,58,194
4,0.75,4,primed,otherMTL,57,58,194
4.88888888888889,0.916666666666667,4,control,otherMTL,57,58,194
15.1111111111111,1.47826086956522,1,primed,otherMTL,57,58,196
10.2222222222222,1,1,control,otherMTL,57,58,196
5.77777777777778,0.565217391304348,2,primed,otherMTL,57,58,196
8.88888888888889,0.869565217391304,2,control,otherMTL,57,58,196
9.55555555555556,0.934782608695652,3,primed,otherMTL,57,58,196
3.11111111111111,0.304347826086957,3,control,otherMTL,57,58,196
8,0.782608695652174,4,primed,otherMTL,57,58,196
4.44444444444444,0.434782608695652,4,control,otherMTL,57,58,196
7.55555555555556,0.944444444444444,1,primed,otherMTL,57,58,197
8,1,1,control,otherMTL,57,58,197
5.55555555555556,0.694444444444444,2,primed,otherMTL,57,58,197
8.22222222222222,1.02777777777778,2,control,otherMTL,57,58,197
6.22222222222222,0.777777777777778,3,primed,otherMTL,57,58,197
6.88888888888889,0.861111111111111,3,control,otherMTL,57,58,197
6,0.75,4,primed,otherMTL,57,58,197
6.66666666666667,0.833333333333333,4,control,otherMTL,57,58,197
13.3333333333333,1.03448275862069,1,primed,otherMTL,59,59,201
12.8888888888889,1,1,control,otherMTL,59,59,201
13.7777777777778,1.06896551724138,2,primed,otherMTL,59,59,201
10.6666666666667,0.827586206896552,2,control,otherMTL,59,59,201
9.11111111111111,0.706896551724138,3,primed,otherMTL,59,59,201
14,1.08620689655172,3,control,otherMTL,59,59,201
10.4444444444444,0.810344827586207,4,primed,otherMTL,59,59,201
10.2222222222222,0.793103448275862,4,control,otherMTL,59,59,201
8.22222222222222,0.711538461538461,1,primed,otherMTL,59,59,202
11.5555555555556,1,1,control,otherMTL,59,59,202
7.33333333333333,0.634615384615385,2,primed,otherMTL,59,59,202
11.1111111111111,0.961538461538462,2,control,otherMTL,59,59,202
8.88888888888889,0.769230769230769,3,primed,otherMTL,59,59,202
8.66666666666667,0.75,3,control,otherMTL,59,59,202
10,0.865384615384615,4,primed,otherMTL,59,59,202
7.55555555555556,0.653846153846154,4,control,otherMTL,59,59,202
9.77777777777778,0.830188679245283,1,primed,otherMTL,59,59,203
11.7777777777778,1,1,control,otherMTL,59,59,203
11.7777777777778,1,2,primed,otherMTL,59,59,203
9.11111111111111,0.773584905660377,2,control,otherMTL,59,59,203
9.11111111111111,0.773584905660377,3,primed,otherMTL,59,59,203
10.8888888888889,0.924528301886793,3,control,otherMTL,59,59,203
9.33333333333333,0.792452830188679,4,primed,otherMTL,59,59,203
9.11111111111111,0.773584905660377,4,control,otherMTL,59,59,203
15.3333333333333,0.873417721518987,1,primed,otherMTL,59,59,204
17.5555555555556,1,1,control,otherMTL,59,59,204
14.8888888888889,0.848101265822785,2,primed,otherMTL,59,59,204
15.7777777777778,0.89873417721519,2,control,otherMTL,59,59,204
14,0.79746835443038,3,primed,otherMTL,59,59,204
14.2222222222222,0.810126582278481,3,control,otherMTL,59,59,204
12,0.683544303797468,4,primed,otherMTL,59,59,204
14,0.79746835443038,4,control,otherMTL,59,59,204
8.88888888888889,0.740740740740741,1,primed,otherMTL,59,59,205
12,1,1,control,otherMTL,59,59,205
8.66666666666667,0.722222222222222,2,primed,otherMTL,59,59,205
12,1,2,control,otherMTL,59,59,205
7.11111111111111,0.592592592592593,3,primed,otherMTL,59,59,205
12.2222222222222,1.01851851851852,3,control,otherMTL,59,59,205
8.66666666666667,0.722222222222222,4,primed,otherMTL,59,59,205
7.55555555555556,0.62962962962963,4,control,otherMTL,59,59,205
4.22222222222222,0.904761904761905,1,primed,otherMTL,59,59,206
4.66666666666667,1,1,control,otherMTL,59,59,206
2.66666666666667,0.571428571428572,2,primed,otherMTL,59,59,206
2.88888888888889,0.619047619047619,2,control,otherMTL,59,59,206
2.44444444444444,0.523809523809524,3,primed,otherMTL,59,59,206
3.11111111111111,0.666666666666667,3,control,otherMTL,59,59,206
2.22222222222222,0.476190476190476,4,primed,otherMTL,59,59,206
2.88888888888889,0.619047619047619,4,control,otherMTL,59,59,206
10.6666666666667,1.06666666666667,1,primed,otherMTL,59,59,207
10,1,1,control,otherMTL,59,59,207
8.22222222222222,0.822222222222222,2,primed,otherMTL,59,59,207
9.55555555555556,0.955555555555555,2,control,otherMTL,59,59,207
8.88888888888889,0.888888888888889,3,primed,otherMTL,59,59,207
8.66666666666667,0.866666666666667,3,control,otherMTL,59,59,207
10.2222222222222,1.02222222222222,4,primed,otherMTL,59,59,207
7.33333333333333,0.733333333333333,4,control,otherMTL,59,59,207
25.1111111111111,0.911290322580645,1,primed,otherMTL,59,59,208
27.5555555555556,1,1,control,otherMTL,59,59,208
24.8888888888889,0.903225806451613,2,primed,otherMTL,59,59,208
27.3333333333333,0.991935483870968,2,control,otherMTL,59,59,208
21.5555555555556,0.782258064516129,3,primed,otherMTL,59,59,208
22,0.798387096774194,3,control,otherMTL,59,59,208
21.1111111111111,0.766129032258065,4,primed,otherMTL,59,59,208
21.1111111111111,0.766129032258065,4,control,otherMTL,59,59,208
14.6666666666667,0.929577464788732,1,primed,otherMTL,59,59,209
15.7777777777778,1,1,control,otherMTL,59,59,209
10.8888888888889,0.690140845070423,2,primed,otherMTL,59,59,209
12.6666666666667,0.802816901408451,2,control,otherMTL,59,59,209
11.1111111111111,0.704225352112676,3,primed,otherMTL,59,59,209
11.7777777777778,0.746478873239437,3,control,otherMTL,59,59,209
11.5555555555556,0.732394366197183,4,primed,otherMTL,59,59,209
10.6666666666667,0.676056338028169,4,control,otherMTL,59,59,209
11.5555555555556,0.787878787878788,1,primed,otherMTL,59,59,210
14.6666666666667,1,1,control,otherMTL,59,59,210
10.4444444444444,0.712121212121212,2,primed,otherMTL,59,59,210
12.8888888888889,0.878787878787879,2,control,otherMTL,59,59,210
10.6666666666667,0.727272727272727,3,primed,otherMTL,59,59,210
12.2222222222222,0.833333333333333,3,control,otherMTL,59,59,210
10.8888888888889,0.742424242424242,4,primed,otherMTL,59,59,210
11.7777777777778,0.803030303030303,4,control,otherMTL,59,59,210
12,1.2,1,primed,otherMTL,59,59,211
10,1,1,control,otherMTL,59,59,211
10.6666666666667,1.06666666666667,2,primed,otherMTL,59,59,211
11.1111111111111,1.11111111111111,2,control,otherMTL,59,59,211
10.6666666666667,1.06666666666667,3,primed,otherMTL,59,59,211
10,1,3,control,otherMTL,59,59,211
9.77777777777778,0.977777777777778,4,primed,otherMTL,59,59,211
10.2222222222222,1.02222222222222,4,control,otherMTL,59,59,211
15.7777777777778,0.855421686746988,1,primed,otherMTL,59,59,212
18.4444444444444,1,1,control,otherMTL,59,59,212
13.1111111111111,0.710843373493976,2,primed,otherMTL,59,59,212
13.1111111111111,0.710843373493976,2,control,otherMTL,59,59,212
14,0.759036144578313,3,primed,otherMTL,59,59,212
12.2222222222222,0.662650602409639,3,control,otherMTL,59,59,212
9.77777777777778,0.530120481927711,4,primed,otherMTL,59,59,212
14.4444444444444,0.783132530120482,4,control,otherMTL,59,59,212
19.1111111111111,0.716666666666667,1,primed,otherMTL,59,59,214
26.6666666666667,1,1,control,otherMTL,59,59,214
21.7777777777778,0.816666666666667,2,primed,otherMTL,59,59,214
24,0.9,2,control,otherMTL,59,59,214
23.5555555555556,0.883333333333333,3,primed,otherMTL,59,59,214
19.5555555555556,0.733333333333333,3,control,otherMTL,59,59,214
19.3333333333333,0.725,4,primed,otherMTL,59,59,214
21.1111111111111,0.791666666666667,4,control,otherMTL,59,59,214
12.8888888888889,0.966666666666667,1,primed,otherMTL,59,59,215
13.3333333333333,1,1,control,otherMTL,59,59,215
10.6666666666667,0.8,2,primed,otherMTL,59,59,215
12,0.9,2,control,otherMTL,59,59,215
12.8888888888889,0.966666666666667,3,primed,otherMTL,59,59,215
9.55555555555556,0.716666666666667,3,control,otherMTL,59,59,215
8.66666666666667,0.65,4,primed,otherMTL,59,59,215
12.6666666666667,0.95,4,control,otherMTL,59,59,215
2.44444444444444,0.34375,1,primed,otherMTL,59,59,216
7.11111111111111,1,1,control,otherMTL,59,59,216
3.11111111111111,0.4375,2,primed,otherMTL,59,59,216
6,0.84375,2,control,otherMTL,59,59,216
2.66666666666667,0.375,3,primed,otherMTL,59,59,216
5.33333333333333,0.75,3,control,otherMTL,59,59,216
4.88888888888889,0.6875,4,primed,otherMTL,59,59,216
2.44444444444444,0.34375,4,control,otherMTL,59,59,216
